2019-06-04 10:30:18,2019-06-04 10:30:18,0.724,10.0.2.1,224.0.0.22,0,148,IGMP,.A....,0,192,2,80,0,0,1,0,0,0,0,0,0,0,0.0.0.0,0.0.0.0,0,0,00:00:00:00:00:00,00:00:00:00:00:00,00:00:00:00:00:00,00:00:00:00:00:00,0-0-0,0-0-0,0-0-0,0-0-0,0-0-0,0-0-0,0-0-0,0-0-0,0-0-0,0-0-0,    0.000,    0.000,    0.000,0.0.0.0,0/0,1,1969-12-31 18:00:00.000
2019-06-04 10:30:25,2019-06-04 10:30:25,0.000,192.168.1.6,224.0.0.9,520,520,UDP,.A....,0,192,1,192,0,0,2,0,0,0,0,0,0,0,0.0.0.0,0.0.0.0,0,0,00:00:00:00:00:00,00:00:00:00:00:00,00:00:00:00:00:00,00:00:00:00:00:00,0-0-0,0-0-0,0-0-0,0-0-0,0-0-0,0-0-0,0-0-0,0-0-0,0-0-0,0-0-0,    0.000,    0.000,    0.000,0.0.0.0,0/0,1,1969-12-31 18:00:00.000
2019-06-04 10:29:34,2019-06-04 10:30:26,51.984,192.168.1.22,192.168.1.1,64643,34345,UDP,.A....,0,0,5,596,0,0,11,0,0,0,0,0,0,0,0.0.0.0,0.0.0.0,0,0,00:00:00:00:00:00,00:00:00:00:00:00,00:00:00:00:00:00,00:00:00:00:00:00,0-0-0,0-0-0,0-0-0,0-0-0,0-0-0,0-0-0,0-0-0,0-0-0,0-0-0,0-0-0,    0.000,    0.000,    0.000,0.0.0.0,0/0,1,1969-12-31 18:00:00.000
2019-06-04 10:30:12,2019-06-04 10:30:27,15.628,192.168.1.42,192.168.1.1,63573,34349,UDP,.A....,0,0,2,380,0,0,2,0,0,0,0,0,0,0,0.0.0.0,0.0.0.0,0,0,00:00:00:00:00:00,00:00:00:00:00:00,00:00:00:00:00:00,00:00:00:00:00:00,0-0-0,0-0-0,0-0-0,0-0-0,0-0-0,0-0-0,0-0-0,0-0-0,0-0-0,0-0-0,    0.000,    0.000,    0.000,0.0.0.0,0/0,1,1969-12-31 18:00:00.000
2019-06-04 10:29:52,2019-06-04 10:30:28,36.004,192.168.1.6,192.168.1.1,59770,34348,UDP,.A....,0,0,4,1264,0,0,2,0,0,0,0,0,0,0,0.0.0.0,0.0.0.0,0,0,00:00:00:00:00:00,00:00:00:00:00:00,00:00:00:00:00:00,00:00:00:00:00:00,0-0-0,0-0-0,0-0-0,0-0-0,0-0-0,0-0-0,0-0-0,0-0-0,0-0-0,0-0-0,    0.000,    0.000,    0.000,0.0.0.0,0/0,1,1969-12-31 18:00:00.000
2019-06-04 10:29:31,2019-06-04 10:30:29,57.980,192.168.1.10,192.168.1.1,61264,34344,UDP,.A....,0,0,5,968,0,0,11,0,0,0,0,0,0,0,0.0.0.0,0.0.0.0,0,0,00:00:00:00:00:00,00:00:00:00:00:00,00:00:00:00:00:00,00:00:00:00:00:00,0-0-0,0-0-0,0-0-0,0-0-0,0-0-0,0-0-0,0-0-0,0-0-0,0-0-0,0-0-0,    0.000,    0.000,    0.000,0.0.0.0,0/0,1,1969-12-31 18:00:00.000
2019-06-04 10:30:18,2019-06-04 10:30:33,15.044,10.0.2.1,224.0.0.251,5353,5353,UDP,.A....,0,0,18,2833,0,0,1,0,0,0,0,0,0,0,0.0.0.0,0.0.0.0,0,0,00:00:00:00:00:00,00:00:00:00:00:00,00:00:00:00:00:00,00:00:00:00:00:00,0-0-0,0-0-0,0-0-0,0-0-0,0-0-0,0-0-0,0-0-0,0-0-0,0-0-0,0-0-0,    0.000,    0.000,    0.000,0.0.0.0,0/0,1,1969-12-31 18:00:00.000
2019-06-04 10:30:31,2019-06-04 10:30:33,1.720,192.168.1.54,192.168.1.1,50598,34352,UDP,.A....,0,0,1,100,0,0,2,0,0,0,0,0,0,0,0.0.0.0,0.0.0.0,0,0,00:00:00:00:00:00,00:00:00:00:00:00,00:00:00:00:00:00,00:00:00:00:00:00,0-0-0,0-0-0,0-0-0,0-0-0,0-0-0,0-0-0,0-0-0,0-0-0,0-0-0,0-0-0,    0.000,    0.000,    0.000,0.0.0.0,0/0,1,1969-12-31 18:00:00.000
2019-06-04 10:29:42,2019-06-04 10:30:34,52.016,192.168.1.26,192.168.1.1,59083,34347,UDP,.A....,0,0,5,596,0,0,2,0,0,0,0,0,0,0,0.0.0.0,0.0.0.0,0,0,00:00:00:00:00:00,00:00:00:00:00:00,00:00:00:00:00:00,00:00:00:00:00:00,0-0-0,0-0-0,0-0-0,0-0-0,0-0-0,0-0-0,0-0-0,0-0-0,0-0-0,0-0-0,    0.000,    0.000,    0.000,0.0.0.0,0/0,1,1969-12-31 18:00:00.000
2019-06-04 10:30:35,2019-06-04 10:30:36,0.548,192.168.1.1,224.0.0.22,0,148,IGMP,.A....,0,192,2,80,0,0,1,0,0,0,0,0,0,0,0.0.0.0,0.0.0.0,0,0,00:00:00:00:00:00,00:00:00:00:00:00,00:00:00:00:00:00,00:00:00:00:00:00,0-0-0,0-0-0,0-0-0,0-0-0,0-0-0,0-0-0,0-0-0,0-0-0,0-0-0,0-0-0,    0.000,    0.000,    0.000,0.0.0.0,0/0,1,1969-12-31 18:00:00.000
2019-06-04 10:30:36,2019-06-04 10:30:36,0.000,192.168.1.10,224.0.0.9,520,520,UDP,.A....,0,192,1,152,0,0,11,0,0,0,0,0,0,0,0.0.0.0,0.0.0.0,0,0,00:00:00:00:00:00,00:00:00:00:00:00,00:00:00:00:00:00,00:00:00:00:00:00,0-0-0,0-0-0,0-0-0,0-0-0,0-0-0,0-0-0,0-0-0,0-0-0,0-0-0,0-0-0,    0.000,    0.000,    0.000,0.0.0.0,0/0,1,1969-12-31 18:00:00.000
2019-06-04 10:30:01,2019-06-04 10:30:41,39.996,192.168.1.14,192.168.1.1,65167,34350,UDP,.A....,0,0,4,784,0,0,2,0,0,0,0,0,0,0,0.0.0.0,0.0.0.0,0,0,00:00:00:00:00:00,00:00:00:00:00:00,00:00:00:00:00:00,00:00:00:00:00:00,0-0-0,0-0-0,0-0-0,0-0-0,0-0-0,0-0-0,0-0-0,0-0-0,0-0-0,0-0-0,    0.000,    0.000,    0.000,0.0.0.0,0/0,1,1969-12-31 18:00:00.000
2019-06-04 10:30:28,2019-06-04 10:30:41,12.984,192.168.1.45,192.168.1.1,62713,34351,UDP,.A....,0,0,2,296,0,0,2,0,0,0,0,0,0,0,0.0.0.0,0.0.0.0,0,0,00:00:00:00:00:00,00:00:00:00:00:00,00:00:00:00:00:00,00:00:00:00:00:00,0-0-0,0-0-0,0-0-0,0-0-0,0-0-0,0-0-0,0-0-0,0-0-0,0-0-0,0-0-0,    0.000,    0.000,    0.000,0.0.0.0,0/0,1,1969-12-31 18:00:00.000
2019-06-04 10:30:41,2019-06-04 10:30:41,0.000,192.168.1.45,192.168.1.1,62713,34351,UDP,.A....,0,0,1,100,0,0,2,1,0,0,0,0,0,0,0.0.0.0,0.0.0.0,0,0,00:00:00:00:00:00,00:00:00:00:00:00,00:00:00:00:00:00,00:00:00:00:00:00,0-0-0,0-0-0,0-0-0,0-0-0,0-0-0,0-0-0,0-0-0,0-0-0,0-0-0,0-0-0,    0.000,    0.000,    0.000,0.0.0.0,0/0,1,1969-12-31 18:00:00.000
2019-06-04 10:30:41,2019-06-04 10:30:41,0.000,192.168.1.14,192.168.1.1,65167,34350,UDP,.A....,0,0,1,100,0,0,2,1,0,0,0,0,0,0,0.0.0.0,0.0.0.0,0,0,00:00:00:00:00:00,00:00:00:00:00:00,00:00:00:00:00:00,00:00:00:00:00:00,0-0-0,0-0-0,0-0-0,0-0-0,0-0-0,0-0-0,0-0-0,0-0-0,0-0-0,0-0-0,    0.000,    0.000,    0.000,0.0.0.0,0/0,1,1969-12-31 18:00:00.000
2019-06-04 10:30:45,2019-06-04 10:30:45,0.000,192.168.1.42,192.168.1.1,63573,34349,UDP,.A....,0,0,1,148,0,0,2,1,0,0,0,0,0,0,0.0.0.0,0.0.0.0,0,0,00:00:00:00:00:00,00:00:00:00:00:00,00:00:00:00:00:00,00:00:00:00:00:00,0-0-0,0-0-0,0-0-0,0-0-0,0-0-0,0-0-0,0-0-0,0-0-0,0-0-0,0-0-0,    0.000,    0.000,    0.000,0.0.0.0,0/0,1,1969-12-31 18:00:00.000
2019-06-04 10:30:45,2019-06-04 10:30:45,0.000,192.168.1.42,192.168.1.1,63573,34349,UDP,.A....,0,0,1,148,0,0,2,1,0,0,0,0,0,0,0.0.0.0,0.0.0.0,0,0,00:00:00:00:00:00,00:00:00:00:00:00,00:00:00:00:00:00,00:00:00:00:00:00,0-0-0,0-0-0,0-0-0,0-0-0,0-0-0,0-0-0,0-0-0,0-0-0,0-0-0,0-0-0,    0.000,    0.000,    0.000,0.0.0.0,0/0,1,1969-12-31 18:00:00.000
2019-06-04 10:30:35,2019-06-04 10:30:50,15.004,192.168.1.1,224.0.0.251,5353,5353,UDP,.A....,0,0,11,2303,0,0,1,0,0,0,0,0,0,0,0.0.0.0,0.0.0.0,0,0,00:00:00:00:00:00,00:00:00:00:00:00,00:00:00:00:00:00,00:00:00:00:00:00,0-0-0,0-0-0,0-0-0,0-0-0,0-0-0,0-0-0,0-0-0,0-0-0,0-0-0,0-0-0,    0.000,    0.000,    0.000,0.0.0.0,0/0,1,1969-12-31 18:00:00.000
2019-06-04 10:30:51,2019-06-04 10:30:51,0.000,192.168.1.26,192.168.1.1,59083,34347,UDP,.A....,0,0,1,196,0,0,2,1,0,0,0,0,0,0,0.0.0.0,0.0.0.0,0,0,00:00:00:00:00:00,00:00:00:00:00:00,00:00:00:00:00:00,00:00:00:00:00:00,0-0-0,0-0-0,0-0-0,0-0-0,0-0-0,0-0-0,0-0-0,0-0-0,0-0-0,0-0-0,    0.000,    0.000,    0.000,0.0.0.0,0/0,1,1969-12-31 18:00:00.000
2019-06-04 10:30:51,2019-06-04 10:30:51,0.000,192.168.1.26,192.168.1.1,59083,34347,UDP,.A....,0,0,1,196,0,0,2,1,0,0,0,0,0,0,0.0.0.0,0.0.0.0,0,0,00:00:00:00:00:00,00:00:00:00:00:00,00:00:00:00:00:00,00:00:00:00:00:00,0-0-0,0-0-0,0-0-0,0-0-0,0-0-0,0-0-0,0-0-0,0-0-0,0-0-0,0-0-0,    0.000,    0.000,    0.000,0.0.0.0,0/0,1,1969-12-31 18:00:00.000
2019-06-04 10:30:53,2019-06-04 10:30:53,0.000,192.168.1.10,192.168.1.1,61264,34344,UDP,.A....,0,0,1,292,0,0,11,1,0,0,0,0,0,0,0.0.0.0,0.0.0.0,0,0,00:00:00:00:00:00,00:00:00:00:00:00,00:00:00:00:00:00,00:00:00:00:00:00,0-0-0,0-0-0,0-0-0,0-0-0,0-0-0,0-0-0,0-0-0,0-0-0,0-0-0,0-0-0,    0.000,    0.000,    0.000,0.0.0.0,0/0,1,1969-12-31 18:00:00.000
2019-06-04 10:30:53,2019-06-04 10:30:53,0.000,192.168.1.10,192.168.1.1,61264,34344,UDP,.A....,0,0,1,292,0,0,11,1,0,0,0,0,0,0,0.0.0.0,0.0.0.0,0,0,00:00:00:00:00:00,00:00:00:00:00:00,00:00:00:00:00:00,00:00:00:00:00:00,0-0-0,0-0-0,0-0-0,0-0-0,0-0-0,0-0-0,0-0-0,0-0-0,0-0-0,0-0-0,    0.000,    0.000,    0.000,0.0.0.0,0/0,1,1969-12-31 18:00:00.000
2019-06-04 10:30:43,2019-06-04 10:30:55,12.000,192.168.1.22,192.168.1.1,64643,34345,UDP,.A....,0,0,2,248,0,0,11,1,0,0,0,0,0,0,0.0.0.0,0.0.0.0,0,0,00:00:00:00:00:00,00:00:00:00:00:00,00:00:00:00:00:00,00:00:00:00:00:00,0-0-0,0-0-0,0-0-0,0-0-0,0-0-0,0-0-0,0-0-0,0-0-0,0-0-0,0-0-0,    0.000,    0.000,    0.000,0.0.0.0,0/0,1,1969-12-31 18:00:00.000
2019-06-04 10:30:43,2019-06-04 10:30:55,12.000,192.168.1.22,192.168.1.1,64643,34345,UDP,.A....,0,0,2,248,0,0,11,1,0,0,0,0,0,0,0.0.0.0,0.0.0.0,0,0,00:00:00:00:00:00,00:00:00:00:00:00,00:00:00:00:00:00,00:00:00:00:00:00,0-0-0,0-0-0,0-0-0,0-0-0,0-0-0,0-0-0,0-0-0,0-0-0,0-0-0,0-0-0,    0.000,    0.000,    0.000,0.0.0.0,0/0,1,1969-12-31 18:00:00.000
2019-06-04 10:30:55,2019-06-04 10:30:55,0.000,192.168.1.6,224.0.0.9,520,520,UDP,.A....,0,192,1,192,0,0,2,0,0,0,0,0,0,0,0.0.0.0,0.0.0.0,0,0,00:00:00:00:00:00,00:00:00:00:00:00,00:00:00:00:00:00,00:00:00:00:00:00,0-0-0,0-0-0,0-0-0,0-0-0,0-0-0,0-0-0,0-0-0,0-0-0,0-0-0,0-0-0,    0.000,    0.000,    0.000,0.0.0.0,0/0,1,1969-12-31 18:00:00.000
2019-06-04 10:30:57,2019-06-04 10:30:57,0.000,192.168.1.54,192.168.1.1,50598,34352,UDP,.A....,0,0,1,100,0,0,2,1,0,0,0,0,0,0,0.0.0.0,0.0.0.0,0,0,00:00:00:00:00:00,00:00:00:00:00:00,00:00:00:00:00:00,00:00:00:00:00:00,0-0-0,0-0-0,0-0-0,0-0-0,0-0-0,0-0-0,0-0-0,0-0-0,0-0-0,0-0-0,    0.000,    0.000,    0.000,0.0.0.0,0/0,1,1969-12-31 18:00:00.000
2019-06-04 10:30:57,2019-06-04 10:30:57,0.000,192.168.1.54,192.168.1.1,50598,34352,UDP,.A....,0,0,1,100,0,0,2,1,0,0,0,0,0,0,0.0.0.0,0.0.0.0,0,0,00:00:00:00:00:00,00:00:00:00:00:00,00:00:00:00:00:00,00:00:00:00:00:00,0-0-0,0-0-0,0-0-0,0-0-0,0-0-0,0-0-0,0-0-0,0-0-0,0-0-0,0-0-0,    0.000,    0.000,    0.000,0.0.0.0,0/0,1,1969-12-31 18:00:00.000
2019-06-04 10:30:57,2019-06-04 10:30:57,0.000,192.168.1.14,192.168.1.1,65167,34350,UDP,.A....,0,0,1,340,0,0,2,1,0,0,0,0,0,0,0.0.0.0,0.0.0.0,0,0,00:00:00:00:00:00,00:00:00:00:00:00,00:00:00:00:00:00,00:00:00:00:00:00,0-0-0,0-0-0,0-0-0,0-0-0,0-0-0,0-0-0,0-0-0,0-0-0,0-0-0,0-0-0,    0.000,    0.000,    0.000,0.0.0.0,0/0,1,1969-12-31 18:00:00.000
2019-06-04 10:30:57,2019-06-04 10:30:57,0.000,192.168.1.14,192.168.1.1,65167,34350,UDP,.A....,0,0,1,340,0,0,2,1,0,0,0,0,0,0,0.0.0.0,0.0.0.0,0,0,00:00:00:00:00:00,00:00:00:00:00:00,00:00:00:00:00:00,00:00:00:00:00:00,0-0-0,0-0-0,0-0-0,0-0-0,0-0-0,0-0-0,0-0-0,0-0-0,0-0-0,0-0-0,    0.000,    0.000,    0.000,0.0.0.0,0/0,1,1969-12-31 18:00:00.000
2019-06-04 10:30:58,2019-06-04 10:30:58,0.000,192.168.1.45,192.168.1.1,62713,34351,UDP,.A....,0,0,1,244,0,0,2,1,0,0,0,0,0,0,0.0.0.0,0.0.0.0,0,0,00:00:00:00:00:00,00:00:00:00:00:00,00:00:00:00:00:00,00:00:00:00:00:00,0-0-0,0-0-0,0-0-0,0-0-0,0-0-0,0-0-0,0-0-0,0-0-0,0-0-0,0-0-0,    0.000,    0.000,    0.000,0.0.0.0,0/0,1,1969-12-31 18:00:00.000
2019-06-04 10:30:58,2019-06-04 10:30:58,0.000,192.168.1.45,192.168.1.1,62713,34351,UDP,.A....,0,0,1,244,0,0,2,1,0,0,0,0,0,0,0.0.0.0,0.0.0.0,0,0,00:00:00:00:00:00,00:00:00:00:00:00,00:00:00:00:00:00,00:00:00:00:00:00,0-0-0,0-0-0,0-0-0,0-0-0,0-0-0,0-0-0,0-0-0,0-0-0,0-0-0,0-0-0,    0.000,    0.000,    0.000,0.0.0.0,0/0,1,1969-12-31 18:00:00.000
2019-06-04 10:31:01,2019-06-04 10:31:01,0.000,192.168.1.42,192.168.1.1,63573,34349,UDP,.A....,0,0,1,244,0,0,2,1,0,0,0,0,0,0,0.0.0.0,0.0.0.0,0,0,00:00:00:00:00:00,00:00:00:00:00:00,00:00:00:00:00:00,00:00:00:00:00:00,0-0-0,0-0-0,0-0-0,0-0-0,0-0-0,0-0-0,0-0-0,0-0-0,0-0-0,0-0-0,    0.000,    0.000,    0.000,0.0.0.0,0/0,1,1969-12-31 18:00:00.000
2019-06-04 10:31:01,2019-06-04 10:31:01,0.000,192.168.1.42,192.168.1.1,63573,34349,UDP,.A....,0,0,1,244,0,0,2,1,0,0,0,0,0,0,0.0.0.0,0.0.0.0,0,0,00:00:00:00:00:00,00:00:00:00:00:00,00:00:00:00:00:00,00:00:00:00:00:00,0-0-0,0-0-0,0-0-0,0-0-0,0-0-0,0-0-0,0-0-0,0-0-0,0-0-0,0-0-0,    0.000,    0.000,    0.000,0.0.0.0,0/0,1,1969-12-31 18:00:00.000
2019-06-04 10:31:02,2019-06-04 10:31:02,0.000,192.168.1.10,224.0.0.9,520,520,UDP,.A....,0,192,1,152,0,0,11,0,0,0,0,0,0,0,0.0.0.0,0.0.0.0,0,0,00:00:00:00:00:00,00:00:00:00:00:00,00:00:00:00:00:00,00:00:00:00:00:00,0-0-0,0-0-0,0-0-0,0-0-0,0-0-0,0-0-0,0-0-0,0-0-0,0-0-0,0-0-0,    0.000,    0.000,    0.000,0.0.0.0,0/0,1,1969-12-31 18:00:00.000
2019-06-04 10:31:06,2019-06-04 10:31:06,0.000,192.168.1.1,224.0.0.251,5353,5353,UDP,.A....,0,0,1,169,0,0,1,0,0,0,0,0,0,0,0.0.0.0,0.0.0.0,0,0,00:00:00:00:00:00,00:00:00:00:00:00,00:00:00:00:00:00,00:00:00:00:00:00,0-0-0,0-0-0,0-0-0,0-0-0,0-0-0,0-0-0,0-0-0,0-0-0,0-0-0,0-0-0,    0.000,    0.000,    0.000,0.0.0.0,0/0,1,1969-12-31 18:00:00.000
2019-06-04 10:31:11,2019-06-04 10:31:11,0.000,192.168.1.22,192.168.1.1,64643,34345,UDP,.A....,0,0,1,196,0,0,11,1,0,0,0,0,0,0,0.0.0.0,0.0.0.0,0,0,00:00:00:00:00:00,00:00:00:00:00:00,00:00:00:00:00:00,00:00:00:00:00:00,0-0-0,0-0-0,0-0-0,0-0-0,0-0-0,0-0-0,0-0-0,0-0-0,0-0-0,0-0-0,    0.000,    0.000,    0.000,0.0.0.0,0/0,1,1969-12-31 18:00:00.000
2019-06-04 10:31:11,2019-06-04 10:31:11,0.000,192.168.1.22,192.168.1.1,64643,34345,UDP,.A....,0,0,1,196,0,0,11,1,0,0,0,0,0,0,0.0.0.0,0.0.0.0,0,0,00:00:00:00:00:00,00:00:00:00:00:00,00:00:00:00:00:00,00:00:00:00:00:00,0-0-0,0-0-0,0-0-0,0-0-0,0-0-0,0-0-0,0-0-0,0-0-0,0-0-0,0-0-0,    0.000,    0.000,    0.000,0.0.0.0,0/0,1,1969-12-31 18:00:00.000
2019-06-04 10:30:06,2019-06-04 10:31:14,68.008,192.168.1.18,192.168.1.1,51125,34346,UDP,.A....,0,0,6,744,0,0,11,0,0,0,0,0,0,0,0.0.0.0,0.0.0.0,0,0,00:00:00:00:00:00,00:00:00:00:00:00,00:00:00:00:00:00,00:00:00:00:00:00,0-0-0,0-0-0,0-0-0,0-0-0,0-0-0,0-0-0,0-0-0,0-0-0,0-0-0,0-0-0,    0.000,    0.000,    0.000,0.0.0.0,0/0,1,1969-12-31 18:00:00.000
2019-06-04 10:30:47,2019-06-04 10:31:14,27.000,192.168.1.18,192.168.1.1,51125,34346,UDP,.A....,0,0,3,348,0,0,11,1,0,0,0,0,0,0,0.0.0.0,0.0.0.0,0,0,00:00:00:00:00:00,00:00:00:00:00:00,00:00:00:00:00:00,00:00:00:00:00:00,0-0-0,0-0-0,0-0-0,0-0-0,0-0-0,0-0-0,0-0-0,0-0-0,0-0-0,0-0-0,    0.000,    0.000,    0.000,0.0.0.0,0/0,1,1969-12-31 18:00:00.000
2019-06-04 10:31:17,2019-06-04 10:31:17,0.000,192.168.1.26,192.168.1.1,59083,34347,UDP,.A....,0,0,1,196,0,0,2,1,0,0,0,0,0,0,0.0.0.0,0.0.0.0,0,0,00:00:00:00:00:00,00:00:00:00:00:00,00:00:00:00:00:00,00:00:00:00:00:00,0-0-0,0-0-0,0-0-0,0-0-0,0-0-0,0-0-0,0-0-0,0-0-0,0-0-0,0-0-0,    0.000,    0.000,    0.000,0.0.0.0,0/0,1,1969-12-31 18:00:00.000
2019-06-04 10:31:17,2019-06-04 10:31:17,0.000,192.168.1.26,192.168.1.1,59083,34347,UDP,.A....,0,0,1,196,0,0,2,1,0,0,0,0,0,0,0.0.0.0,0.0.0.0,0,0,00:00:00:00:00:00,00:00:00:00:00:00,00:00:00:00:00:00,00:00:00:00:00:00,0-0-0,0-0-0,0-0-0,0-0-0,0-0-0,0-0-0,0-0-0,0-0-0,0-0-0,0-0-0,    0.000,    0.000,    0.000,0.0.0.0,0/0,1,1969-12-31 18:00:00.000
2019-06-04 10:31:22,2019-06-04 10:31:22,0.000,192.168.1.10,192.168.1.1,61264,34344,UDP,.A....,0,0,1,292,0,0,11,1,0,0,0,0,0,0,0.0.0.0,0.0.0.0,0,0,00:00:00:00:00:00,00:00:00:00:00:00,00:00:00:00:00:00,00:00:00:00:00:00,0-0-0,0-0-0,0-0-0,0-0-0,0-0-0,0-0-0,0-0-0,0-0-0,0-0-0,0-0-0,    0.000,    0.000,    0.000,0.0.0.0,0/0,1,1969-12-31 18:00:00.000
2019-06-04 10:31:22,2019-06-04 10:31:22,0.000,192.168.1.10,192.168.1.1,61264,34344,UDP,.A....,0,0,1,292,0,0,11,1,0,0,0,0,0,0,0.0.0.0,0.0.0.0,0,0,00:00:00:00:00:00,00:00:00:00:00:00,00:00:00:00:00:00,00:00:00:00:00:00,0-0-0,0-0-0,0-0-0,0-0-0,0-0-0,0-0-0,0-0-0,0-0-0,0-0-0,0-0-0,    0.000,    0.000,    0.000,0.0.0.0,0/0,1,1969-12-31 18:00:00.000
2019-06-04 10:31:23,2019-06-04 10:31:23,0.000,192.168.1.6,224.0.0.9,520,520,UDP,.A....,0,192,1,192,0,0,2,0,0,0,0,0,0,0,0.0.0.0,0.0.0.0,0,0,00:00:00:00:00:00,00:00:00:00:00:00,00:00:00:00:00:00,00:00:00:00:00:00,0-0-0,0-0-0,0-0-0,0-0-0,0-0-0,0-0-0,0-0-0,0-0-0,0-0-0,0-0-0,    0.000,    0.000,    0.000,0.0.0.0,0/0,1,1969-12-31 18:00:00.000
2019-06-04 10:30:45,2019-06-04 10:31:24,39.012,192.168.1.6,192.168.1.1,59770,34348,UDP,.A....,0,0,4,1552,0,0,2,1,0,0,0,0,0,0,0.0.0.0,0.0.0.0,0,0,00:00:00:00:00:00,00:00:00:00:00:00,00:00:00:00:00:00,00:00:00:00:00:00,0-0-0,0-0-0,0-0-0,0-0-0,0-0-0,0-0-0,0-0-0,0-0-0,0-0-0,0-0-0,    0.000,    0.000,    0.000,0.0.0.0,0/0,1,1969-12-31 18:00:00.000
2019-06-04 10:30:45,2019-06-04 10:31:24,39.012,192.168.1.6,192.168.1.1,59770,34348,UDP,.A....,0,0,4,1552,0,0,2,1,0,0,0,0,0,0,0.0.0.0,0.0.0.0,0,0,00:00:00:00:00:00,00:00:00:00:00:00,00:00:00:00:00:00,00:00:00:00:00:00,0-0-0,0-0-0,0-0-0,0-0-0,0-0-0,0-0-0,0-0-0,0-0-0,0-0-0,0-0-0,    0.000,    0.000,    0.000,0.0.0.0,0/0,1,1969-12-31 18:00:00.000
2019-06-04 10:31:24,2019-06-04 10:31:24,0.000,192.168.1.45,192.168.1.1,62713,34351,UDP,.A....,0,0,1,244,0,0,2,1,0,0,0,0,0,0,0.0.0.0,0.0.0.0,0,0,00:00:00:00:00:00,00:00:00:00:00:00,00:00:00:00:00:00,00:00:00:00:00:00,0-0-0,0-0-0,0-0-0,0-0-0,0-0-0,0-0-0,0-0-0,0-0-0,0-0-0,0-0-0,    0.000,    0.000,    0.000,0.0.0.0,0/0,1,1969-12-31 18:00:00.000
2019-06-04 10:31:24,2019-06-04 10:31:24,0.000,192.168.1.45,192.168.1.1,62713,34351,UDP,.A....,0,0,1,244,0,0,2,1,0,0,0,0,0,0,0.0.0.0,0.0.0.0,0,0,00:00:00:00:00:00,00:00:00:00:00:00,00:00:00:00:00:00,00:00:00:00:00:00,0-0-0,0-0-0,0-0-0,0-0-0,0-0-0,0-0-0,0-0-0,0-0-0,0-0-0,0-0-0,    0.000,    0.000,    0.000,0.0.0.0,0/0,1,1969-12-31 18:00:00.000
2019-06-04 10:31:27,2019-06-04 10:31:27,0.000,192.168.1.54,192.168.1.1,50598,34352,UDP,.A....,0,0,1,100,0,0,2,1,0,0,0,0,0,0,0.0.0.0,0.0.0.0,0,0,00:00:00:00:00:00,00:00:00:00:00:00,00:00:00:00:00:00,00:00:00:00:00:00,0-0-0,0-0-0,0-0-0,0-0-0,0-0-0,0-0-0,0-0-0,0-0-0,0-0-0,0-0-0,    0.000,    0.000,    0.000,0.0.0.0,0/0,1,1969-12-31 18:00:00.000
2019-06-04 10:31:27,2019-06-04 10:31:27,0.000,192.168.1.54,192.168.1.1,50598,34352,UDP,.A....,0,0,1,100,0,0,2,1,0,0,0,0,0,0,0.0.0.0,0.0.0.0,0,0,00:00:00:00:00:00,00:00:00:00:00:00,00:00:00:00:00:00,00:00:00:00:00:00,0-0-0,0-0-0,0-0-0,0-0-0,0-0-0,0-0-0,0-0-0,0-0-0,0-0-0,0-0-0,    0.000,    0.000,    0.000,0.0.0.0,0/0,1,1969-12-31 18:00:00.000
2019-06-04 10:31:29,2019-06-04 10:31:29,0.000,192.168.1.10,224.0.0.9,520,520,UDP,.A....,0,192,1,152,0,0,11,0,0,0,0,0,0,0,0.0.0.0,0.0.0.0,0,0,00:00:00:00:00:00,00:00:00:00:00:00,00:00:00:00:00:00,00:00:00:00:00:00,0-0-0,0-0-0,0-0-0,0-0-0,0-0-0,0-0-0,0-0-0,0-0-0,0-0-0,0-0-0,    0.000,    0.000,    0.000,0.0.0.0,0/0,1,1969-12-31 18:00:00.000
2019-06-04 10:31:31,2019-06-04 10:31:31,0.000,192.168.1.18,192.168.1.1,51125,34346,UDP,.A....,0,0,1,196,0,0,11,1,0,0,0,0,0,0,0.0.0.0,0.0.0.0,0,0,00:00:00:00:00:00,00:00:00:00:00:00,00:00:00:00:00:00,00:00:00:00:00:00,0-0-0,0-0-0,0-0-0,0-0-0,0-0-0,0-0-0,0-0-0,0-0-0,0-0-0,0-0-0,    0.000,    0.000,    0.000,0.0.0.0,0/0,1,1969-12-31 18:00:00.000
2019-06-04 10:31:31,2019-06-04 10:31:31,0.000,192.168.1.18,192.168.1.1,51125,34346,UDP,.A....,0,0,1,196,0,0,11,1,0,0,0,0,0,0,0.0.0.0,0.0.0.0,0,0,00:00:00:00:00:00,00:00:00:00:00:00,00:00:00:00:00:00,00:00:00:00:00:00,0-0-0,0-0-0,0-0-0,0-0-0,0-0-0,0-0-0,0-0-0,0-0-0,0-0-0,0-0-0,    0.000,    0.000,    0.000,0.0.0.0,0/0,1,1969-12-31 18:00:00.000
2019-06-04 10:31:38,2019-06-04 10:31:38,0.000,192.168.1.1,224.0.0.251,5353,5353,UDP,.A....,0,0,1,169,0,0,1,0,0,0,0,0,0,0,0.0.0.0,0.0.0.0,0,0,00:00:00:00:00:00,00:00:00:00:00:00,00:00:00:00:00:00,00:00:00:00:00:00,0-0-0,0-0-0,0-0-0,0-0-0,0-0-0,0-0-0,0-0-0,0-0-0,0-0-0,0-0-0,    0.000,    0.000,    0.000,0.0.0.0,0/0,1,1969-12-31 18:00:00.000
2019-06-04 10:31:41,2019-06-04 10:31:41,0.000,192.168.1.22,192.168.1.1,64643,34345,UDP,.A....,0,0,1,280,0,0,11,1,0,0,0,0,0,0,0.0.0.0,0.0.0.0,0,0,00:00:00:00:00:00,00:00:00:00:00:00,00:00:00:00:00:00,00:00:00:00:00:00,0-0-0,0-0-0,0-0-0,0-0-0,0-0-0,0-0-0,0-0-0,0-0-0,0-0-0,0-0-0,    0.000,    0.000,    0.000,0.0.0.0,0/0,1,1969-12-31 18:00:00.000
2019-06-04 10:31:41,2019-06-04 10:31:41,0.000,192.168.1.22,192.168.1.1,64643,34345,UDP,.A....,0,0,1,280,0,0,11,1,0,0,0,0,0,0,0.0.0.0,0.0.0.0,0,0,00:00:00:00:00:00,00:00:00:00:00:00,00:00:00:00:00:00,00:00:00:00:00:00,0-0-0,0-0-0,0-0-0,0-0-0,0-0-0,0-0-0,0-0-0,0-0-0,0-0-0,0-0-0,    0.000,    0.000,    0.000,0.0.0.0,0/0,1,1969-12-31 18:00:00.000
2019-06-04 10:31:18,2019-06-04 10:31:44,26.008,192.168.1.42,192.168.1.1,63573,34349,UDP,.A....,0,0,3,540,0,0,2,1,0,0,0,0,0,0,0.0.0.0,0.0.0.0,0,0,00:00:00:00:00:00,00:00:00:00:00:00,00:00:00:00:00:00,00:00:00:00:00:00,0-0-0,0-0-0,0-0-0,0-0-0,0-0-0,0-0-0,0-0-0,0-0-0,0-0-0,0-0-0,    0.000,    0.000,    0.000,0.0.0.0,0/0,1,1969-12-31 18:00:00.000
2019-06-04 10:31:18,2019-06-04 10:31:44,26.008,192.168.1.42,192.168.1.1,63573,34349,UDP,.A....,0,0,3,540,0,0,2,1,0,0,0,0,0,0,0.0.0.0,0.0.0.0,0,0,00:00:00:00:00:00,00:00:00:00:00:00,00:00:00:00:00:00,00:00:00:00:00:00,0-0-0,0-0-0,0-0-0,0-0-0,0-0-0,0-0-0,0-0-0,0-0-0,0-0-0,0-0-0,    0.000,    0.000,    0.000,0.0.0.0,0/0,1,1969-12-31 18:00:00.000
2019-06-04 10:31:38,2019-06-04 10:31:51,13.000,192.168.1.10,192.168.1.1,61264,34344,UDP,.A....,0,0,2,536,0,0,11,1,0,0,0,0,0,0,0.0.0.0,0.0.0.0,0,0,00:00:00:00:00:00,00:00:00:00:00:00,00:00:00:00:00:00,00:00:00:00:00:00,0-0-0,0-0-0,0-0-0,0-0-0,0-0-0,0-0-0,0-0-0,0-0-0,0-0-0,0-0-0,    0.000,    0.000,    0.000,0.0.0.0,0/0,1,1969-12-31 18:00:00.000
2019-06-04 10:31:38,2019-06-04 10:31:51,13.000,192.168.1.10,192.168.1.1,61264,34344,UDP,.A....,0,0,2,536,0,0,11,1,0,0,0,0,0,0,0.0.0.0,0.0.0.0,0,0,00:00:00:00:00:00,00:00:00:00:00:00,00:00:00:00:00:00,00:00:00:00:00:00,0-0-0,0-0-0,0-0-0,0-0-0,0-0-0,0-0-0,0-0-0,0-0-0,0-0-0,0-0-0,    0.000,    0.000,    0.000,0.0.0.0,0/0,1,1969-12-31 18:00:00.000
2019-06-04 10:31:51,2019-06-04 10:31:51,0.000,192.168.1.6,224.0.0.9,520,520,UDP,.A....,0,192,1,192,0,0,2,0,0,0,0,0,0,0,0.0.0.0,0.0.0.0,0,0,00:00:00:00:00:00,00:00:00:00:00:00,00:00:00:00:00:00,00:00:00:00:00:00,0-0-0,0-0-0,0-0-0,0-0-0,0-0-0,0-0-0,0-0-0,0-0-0,0-0-0,0-0-0,    0.000,    0.000,    0.000,0.0.0.0,0/0,1,1969-12-31 18:00:00.000
2019-06-04 10:31:54,2019-06-04 10:31:54,0.000,192.168.1.45,192.168.1.1,62713,34351,UDP,.A....,0,0,1,244,0,0,2,1,0,0,0,0,0,0,0.0.0.0,0.0.0.0,0,0,00:00:00:00:00:00,00:00:00:00:00:00,00:00:00:00:00:00,00:00:00:00:00:00,0-0-0,0-0-0,0-0-0,0-0-0,0-0-0,0-0-0,0-0-0,0-0-0,0-0-0,0-0-0,    0.000,    0.000,    0.000,0.0.0.0,0/0,1,1969-12-31 18:00:00.000
2019-06-04 10:31:54,2019-06-04 10:31:54,0.000,192.168.1.45,192.168.1.1,62713,34351,UDP,.A....,0,0,1,244,0,0,2,1,0,0,0,0,0,0,0.0.0.0,0.0.0.0,0,0,00:00:00:00:00:00,00:00:00:00:00:00,00:00:00:00:00:00,00:00:00:00:00:00,0-0-0,0-0-0,0-0-0,0-0-0,0-0-0,0-0-0,0-0-0,0-0-0,0-0-0,0-0-0,    0.000,    0.000,    0.000,0.0.0.0,0/0,1,1969-12-31 18:00:00.000
2019-06-04 10:31:55,2019-06-04 10:31:55,0.000,192.168.1.54,192.168.1.1,50598,34352,UDP,.A....,0,0,1,100,0,0,2,1,0,0,0,0,0,0,0.0.0.0,0.0.0.0,0,0,00:00:00:00:00:00,00:00:00:00:00:00,00:00:00:00:00:00,00:00:00:00:00:00,0-0-0,0-0-0,0-0-0,0-0-0,0-0-0,0-0-0,0-0-0,0-0-0,0-0-0,0-0-0,    0.000,    0.000,    0.000,0.0.0.0,0/0,1,1969-12-31 18:00:00.000
2019-06-04 10:31:55,2019-06-04 10:31:55,0.000,192.168.1.54,192.168.1.1,50598,34352,UDP,.A....,0,0,1,100,0,0,2,1,0,0,0,0,0,0,0.0.0.0,0.0.0.0,0,0,00:00:00:00:00:00,00:00:00:00:00:00,00:00:00:00:00:00,00:00:00:00:00:00,0-0-0,0-0-0,0-0-0,0-0-0,0-0-0,0-0-0,0-0-0,0-0-0,0-0-0,0-0-0,    0.000,    0.000,    0.000,0.0.0.0,0/0,1,1969-12-31 18:00:00.000
2019-06-04 10:31:56,2019-06-04 10:31:56,0.000,192.168.1.10,224.0.0.9,520,520,UDP,.A....,0,192,1,152,0,0,11,0,0,0,0,0,0,0,0.0.0.0,0.0.0.0,0,0,00:00:00:00:00:00,00:00:00:00:00:00,00:00:00:00:00:00,00:00:00:00:00:00,0-0-0,0-0-0,0-0-0,0-0-0,0-0-0,0-0-0,0-0-0,0-0-0,0-0-0,0-0-0,    0.000,    0.000,    0.000,0.0.0.0,0/0,1,1969-12-31 18:00:00.000
2019-06-04 10:31:58,2019-06-04 10:31:58,0.000,192.168.1.18,192.168.1.1,51125,34346,UDP,.A....,0,0,1,196,0,0,11,1,0,0,0,0,0,0,0.0.0.0,0.0.0.0,0,0,00:00:00:00:00:00,00:00:00:00:00:00,00:00:00:00:00:00,00:00:00:00:00:00,0-0-0,0-0-0,0-0-0,0-0-0,0-0-0,0-0-0,0-0-0,0-0-0,0-0-0,0-0-0,    0.000,    0.000,    0.000,0.0.0.0,0/0,1,1969-12-31 18:00:00.000
2019-06-04 10:31:58,2019-06-04 10:31:58,0.000,192.168.1.18,192.168.1.1,51125,34346,UDP,.A....,0,0,1,196,0,0,11,1,0,0,0,0,0,0,0.0.0.0,0.0.0.0,0,0,00:00:00:00:00:00,00:00:00:00:00:00,00:00:00:00:00:00,00:00:00:00:00:00,0-0-0,0-0-0,0-0-0,0-0-0,0-0-0,0-0-0,0-0-0,0-0-0,0-0-0,0-0-0,    0.000,    0.000,    0.000,0.0.0.0,0/0,1,1969-12-31 18:00:00.000
2019-06-04 10:31:23,2019-06-04 10:32:04,40.972,192.168.1.14,192.168.1.1,65167,34350,UDP,.A....,0,0,4,784,0,0,2,1,0,0,0,0,0,0,0.0.0.0,0.0.0.0,0,0,00:00:00:00:00:00,00:00:00:00:00:00,00:00:00:00:00:00,00:00:00:00:00:00,0-0-0,0-0-0,0-0-0,0-0-0,0-0-0,0-0-0,0-0-0,0-0-0,0-0-0,0-0-0,    0.000,    0.000,    0.000,0.0.0.0,0/0,1,1969-12-31 18:00:00.000
2019-06-04 10:31:23,2019-06-04 10:32:04,40.972,192.168.1.14,192.168.1.1,65167,34350,UDP,.A....,0,0,4,784,0,0,2,1,0,0,0,0,0,0,0.0.0.0,0.0.0.0,0,0,00:00:00:00:00:00,00:00:00:00:00:00,00:00:00:00:00:00,00:00:00:00:00:00,0-0-0,0-0-0,0-0-0,0-0-0,0-0-0,0-0-0,0-0-0,0-0-0,0-0-0,0-0-0,    0.000,    0.000,    0.000,0.0.0.0,0/0,1,1969-12-31 18:00:00.000
2019-06-04 10:32:11,2019-06-04 10:32:11,0.000,192.168.1.22,192.168.1.1,64643,34345,UDP,.A....,0,0,1,196,0,0,11,1,0,0,0,0,0,0,0.0.0.0,0.0.0.0,0,0,00:00:00:00:00:00,00:00:00:00:00:00,00:00:00:00:00:00,00:00:00:00:00:00,0-0-0,0-0-0,0-0-0,0-0-0,0-0-0,0-0-0,0-0-0,0-0-0,0-0-0,0-0-0,    0.000,    0.000,    0.000,0.0.0.0,0/0,1,1969-12-31 18:00:00.000
2019-06-04 10:32:11,2019-06-04 10:32:11,0.000,192.168.1.22,192.168.1.1,64643,34345,UDP,.A....,0,0,1,196,0,0,11,1,0,0,0,0,0,0,0.0.0.0,0.0.0.0,0,0,00:00:00:00:00:00,00:00:00:00:00:00,00:00:00:00:00:00,00:00:00:00:00:00,0-0-0,0-0-0,0-0-0,0-0-0,0-0-0,0-0-0,0-0-0,0-0-0,0-0-0,0-0-0,    0.000,    0.000,    0.000,0.0.0.0,0/0,1,1969-12-31 18:00:00.000
2019-06-04 10:32:16,2019-06-04 10:32:16,0.000,192.168.1.1,192.168.1.3,138,138,UDP,.A....,0,0,1,276,0,0,1,0,0,0,0,0,0,0,0.0.0.0,0.0.0.0,0,0,00:00:00:00:00:00,00:00:00:00:00:00,00:00:00:00:00:00,00:00:00:00:00:00,0-0-0,0-0-0,0-0-0,0-0-0,0-0-0,0-0-0,0-0-0,0-0-0,0-0-0,0-0-0,    0.000,    0.000,    0.000,0.0.0.0,0/0,1,1969-12-31 18:00:00.000
2019-06-04 10:32:16,2019-06-04 10:32:19,3.060,192.168.1.1,192.168.1.3,137,137,UDP,.A....,0,0,20,1920,0,0,1,0,0,0,0,0,0,0,0.0.0.0,0.0.0.0,0,0,00:00:00:00:00:00,00:00:00:00:00:00,00:00:00:00:00:00,00:00:00:00:00:00,0-0-0,0-0-0,0-0-0,0-0-0,0-0-0,0-0-0,0-0-0,0-0-0,0-0-0,0-0-0,    0.000,    0.000,    0.000,0.0.0.0,0/0,1,1969-12-31 18:00:00.000
2019-06-04 10:32:19,2019-06-04 10:32:19,0.000,192.168.1.6,224.0.0.9,520,520,UDP,.A....,0,192,1,192,0,0,2,0,0,0,0,0,0,0,0.0.0.0,0.0.0.0,0,0,00:00:00:00:00:00,00:00:00:00:00:00,00:00:00:00:00:00,00:00:00:00:00:00,0-0-0,0-0-0,0-0-0,0-0-0,0-0-0,0-0-0,0-0-0,0-0-0,0-0-0,0-0-0,    0.000,    0.000,    0.000,0.0.0.0,0/0,1,1969-12-31 18:00:00.000
2019-06-04 10:32:08,2019-06-04 10:32:20,12.008,192.168.1.10,192.168.1.1,61264,34344,UDP,.A....,0,0,2,440,0,0,11,1,0,0,0,0,0,0,0.0.0.0,0.0.0.0,0,0,00:00:00:00:00:00,00:00:00:00:00:00,00:00:00:00:00:00,00:00:00:00:00:00,0-0-0,0-0-0,0-0-0,0-0-0,0-0-0,0-0-0,0-0-0,0-0-0,0-0-0,0-0-0,    0.000,    0.000,    0.000,0.0.0.0,0/0,1,1969-12-31 18:00:00.000
2019-06-04 10:32:08,2019-06-04 10:32:20,12.008,192.168.1.10,192.168.1.1,61264,34344,UDP,.A....,0,0,2,440,0,0,11,1,0,0,0,0,0,0,0.0.0.0,0.0.0.0,0,0,00:00:00:00:00:00,00:00:00:00:00:00,00:00:00:00:00:00,00:00:00:00:00:00,0-0-0,0-0-0,0-0-0,0-0-0,0-0-0,0-0-0,0-0-0,0-0-0,0-0-0,0-0-0,    0.000,    0.000,    0.000,0.0.0.0,0/0,1,1969-12-31 18:00:00.000
2019-06-04 10:31:40,2019-06-04 10:32:21,41.020,192.168.1.6,192.168.1.1,59770,34348,UDP,.A....,0,0,4,1260,0,0,2,1,0,0,0,0,0,0,0.0.0.0,0.0.0.0,0,0,00:00:00:00:00:00,00:00:00:00:00:00,00:00:00:00:00:00,00:00:00:00:00:00,0-0-0,0-0-0,0-0-0,0-0-0,0-0-0,0-0-0,0-0-0,0-0-0,0-0-0,0-0-0,    0.000,    0.000,    0.000,0.0.0.0,0/0,1,1969-12-31 18:00:00.000
2019-06-04 10:31:40,2019-06-04 10:32:21,41.020,192.168.1.6,192.168.1.1,59770,34348,UDP,.A....,0,0,4,1260,0,0,2,1,0,0,0,0,0,0,0.0.0.0,0.0.0.0,0,0,00:00:00:00:00:00,00:00:00:00:00:00,00:00:00:00:00:00,00:00:00:00:00:00,0-0-0,0-0-0,0-0-0,0-0-0,0-0-0,0-0-0,0-0-0,0-0-0,0-0-0,0-0-0,    0.000,    0.000,    0.000,0.0.0.0,0/0,1,1969-12-31 18:00:00.000
2019-06-04 10:32:22,2019-06-04 10:32:22,0.000,192.168.1.45,192.168.1.1,62713,34351,UDP,.A....,0,0,1,244,0,0,2,1,0,0,0,0,0,0,0.0.0.0,0.0.0.0,0,0,00:00:00:00:00:00,00:00:00:00:00:00,00:00:00:00:00:00,00:00:00:00:00:00,0-0-0,0-0-0,0-0-0,0-0-0,0-0-0,0-0-0,0-0-0,0-0-0,0-0-0,0-0-0,    0.000,    0.000,    0.000,0.0.0.0,0/0,1,1969-12-31 18:00:00.000
2019-06-04 10:32:22,2019-06-04 10:32:22,0.000,192.168.1.45,192.168.1.1,62713,34351,UDP,.A....,0,0,1,244,0,0,2,1,0,0,0,0,0,0,0.0.0.0,0.0.0.0,0,0,00:00:00:00:00:00,00:00:00:00:00:00,00:00:00:00:00:00,00:00:00:00:00:00,0-0-0,0-0-0,0-0-0,0-0-0,0-0-0,0-0-0,0-0-0,0-0-0,0-0-0,0-0-0,    0.000,    0.000,    0.000,0.0.0.0,0/0,1,1969-12-31 18:00:00.000
2019-06-04 10:32:22,2019-06-04 10:32:22,0.000,192.168.1.54,192.168.1.1,50598,34352,UDP,.A....,0,0,1,100,0,0,2,1,0,0,0,0,0,0,0.0.0.0,0.0.0.0,0,0,00:00:00:00:00:00,00:00:00:00:00:00,00:00:00:00:00:00,00:00:00:00:00:00,0-0-0,0-0-0,0-0-0,0-0-0,0-0-0,0-0-0,0-0-0,0-0-0,0-0-0,0-0-0,    0.000,    0.000,    0.000,0.0.0.0,0/0,1,1969-12-31 18:00:00.000
2019-06-04 10:32:22,2019-06-04 10:32:22,0.000,192.168.1.54,192.168.1.1,50598,34352,UDP,.A....,0,0,1,100,0,0,2,1,0,0,0,0,0,0,0.0.0.0,0.0.0.0,0,0,00:00:00:00:00:00,00:00:00:00:00:00,00:00:00:00:00:00,00:00:00:00:00:00,0-0-0,0-0-0,0-0-0,0-0-0,0-0-0,0-0-0,0-0-0,0-0-0,0-0-0,0-0-0,    0.000,    0.000,    0.000,0.0.0.0,0/0,1,1969-12-31 18:00:00.000
2019-06-04 10:32:24,2019-06-04 10:32:24,0.000,192.168.1.10,224.0.0.9,520,520,UDP,.A....,0,192,1,152,0,0,11,0,0,0,0,0,0,0,0.0.0.0,0.0.0.0,0,0,00:00:00:00:00:00,00:00:00:00:00:00,00:00:00:00:00:00,00:00:00:00:00:00,0-0-0,0-0-0,0-0-0,0-0-0,0-0-0,0-0-0,0-0-0,0-0-0,0-0-0,0-0-0,    0.000,    0.000,    0.000,0.0.0.0,0/0,1,1969-12-31 18:00:00.000
2019-06-04 10:32:01,2019-06-04 10:32:27,26.016,192.168.1.42,192.168.1.1,63573,34349,UDP,.A....,0,0,3,488,0,0,2,1,0,0,0,0,0,0,0.0.0.0,0.0.0.0,0,0,00:00:00:00:00:00,00:00:00:00:00:00,00:00:00:00:00:00,00:00:00:00:00:00,0-0-0,0-0-0,0-0-0,0-0-0,0-0-0,0-0-0,0-0-0,0-0-0,0-0-0,0-0-0,    0.000,    0.000,    0.000,0.0.0.0,0/0,1,1969-12-31 18:00:00.000
2019-06-04 10:32:01,2019-06-04 10:32:27,26.016,192.168.1.42,192.168.1.1,63573,34349,UDP,.A....,0,0,3,488,0,0,2,1,0,0,0,0,0,0,0.0.0.0,0.0.0.0,0,0,00:00:00:00:00:00,00:00:00:00:00:00,00:00:00:00:00:00,00:00:00:00:00:00,0-0-0,0-0-0,0-0-0,0-0-0,0-0-0,0-0-0,0-0-0,0-0-0,0-0-0,0-0-0,    0.000,    0.000,    0.000,0.0.0.0,0/0,1,1969-12-31 18:00:00.000
2019-06-04 10:32:27,2019-06-04 10:32:27,0.000,192.168.1.18,192.168.1.1,51125,34346,UDP,.A....,0,0,1,196,0,0,11,1,0,0,0,0,0,0,0.0.0.0,0.0.0.0,0,0,00:00:00:00:00:00,00:00:00:00:00:00,00:00:00:00:00:00,00:00:00:00:00:00,0-0-0,0-0-0,0-0-0,0-0-0,0-0-0,0-0-0,0-0-0,0-0-0,0-0-0,0-0-0,    0.000,    0.000,    0.000,0.0.0.0,0/0,1,1969-12-31 18:00:00.000
2019-06-04 10:32:27,2019-06-04 10:32:27,0.000,192.168.1.18,192.168.1.1,51125,34346,UDP,.A....,0,0,1,196,0,0,11,1,0,0,0,0,0,0,0.0.0.0,0.0.0.0,0,0,00:00:00:00:00:00,00:00:00:00:00:00,00:00:00:00:00:00,00:00:00:00:00:00,0-0-0,0-0-0,0-0-0,0-0-0,0-0-0,0-0-0,0-0-0,0-0-0,0-0-0,0-0-0,    0.000,    0.000,    0.000,0.0.0.0,0/0,1,1969-12-31 18:00:00.000
2019-06-04 10:32:20,2019-06-04 10:32:31,10.992,192.168.1.14,192.168.1.1,65167,34350,UDP,.A....,0,0,2,392,0,0,2,1,0,0,0,0,0,0,0.0.0.0,0.0.0.0,0,0,00:00:00:00:00:00,00:00:00:00:00:00,00:00:00:00:00:00,00:00:00:00:00:00,0-0-0,0-0-0,0-0-0,0-0-0,0-0-0,0-0-0,0-0-0,0-0-0,0-0-0,0-0-0,    0.000,    0.000,    0.000,0.0.0.0,0/0,1,1969-12-31 18:00:00.000
2019-06-04 10:32:20,2019-06-04 10:32:31,10.992,192.168.1.14,192.168.1.1,65167,34350,UDP,.A....,0,0,2,392,0,0,2,1,0,0,0,0,0,0,0.0.0.0,0.0.0.0,0,0,00:00:00:00:00:00,00:00:00:00:00:00,00:00:00:00:00:00,00:00:00:00:00:00,0-0-0,0-0-0,0-0-0,0-0-0,0-0-0,0-0-0,0-0-0,0-0-0,0-0-0,0-0-0,    0.000,    0.000,    0.000,0.0.0.0,0/0,1,1969-12-31 18:00:00.000
2019-06-04 10:32:38,2019-06-04 10:32:40,2.592,192.168.1.1,192.168.1.3,137,137,UDP,.A....,0,0,4,312,0,0,1,0,0,0,0,0,0,0,0.0.0.0,0.0.0.0,0,0,00:00:00:00:00:00,00:00:00:00:00:00,00:00:00:00:00:00,00:00:00:00:00:00,0-0-0,0-0-0,0-0-0,0-0-0,0-0-0,0-0-0,0-0-0,0-0-0,0-0-0,0-0-0,    0.000,    0.000,    0.000,0.0.0.0,0/0,1,1969-12-31 18:00:00.000
2019-06-04 10:32:41,2019-06-04 10:32:41,0.000,192.168.1.22,192.168.1.1,64643,34345,UDP,.A....,0,0,1,196,0,0,11,1,0,0,0,0,0,0,0.0.0.0,0.0.0.0,0,0,00:00:00:00:00:00,00:00:00:00:00:00,00:00:00:00:00:00,00:00:00:00:00:00,0-0-0,0-0-0,0-0-0,0-0-0,0-0-0,0-0-0,0-0-0,0-0-0,0-0-0,0-0-0,    0.000,    0.000,    0.000,0.0.0.0,0/0,1,1969-12-31 18:00:00.000
2019-06-04 10:32:41,2019-06-04 10:32:41,0.000,192.168.1.22,192.168.1.1,64643,34345,UDP,.A....,0,0,1,196,0,0,11,1,0,0,0,0,0,0,0.0.0.0,0.0.0.0,0,0,00:00:00:00:00:00,00:00:00:00:00:00,00:00:00:00:00:00,00:00:00:00:00:00,0-0-0,0-0-0,0-0-0,0-0-0,0-0-0,0-0-0,0-0-0,0-0-0,0-0-0,0-0-0,    0.000,    0.000,    0.000,0.0.0.0,0/0,1,1969-12-31 18:00:00.000
2019-06-04 10:32:42,2019-06-04 10:32:42,0.000,192.168.1.1,224.0.0.251,5353,5353,UDP,.A....,0,0,1,169,0,0,1,0,0,0,0,0,0,0,0.0.0.0,0.0.0.0,0,0,00:00:00:00:00:00,00:00:00:00:00:00,00:00:00:00:00:00,00:00:00:00:00:00,0-0-0,0-0-0,0-0-0,0-0-0,0-0-0,0-0-0,0-0-0,0-0-0,0-0-0,0-0-0,    0.000,    0.000,    0.000,0.0.0.0,0/0,1,1969-12-31 18:00:00.000
2019-06-04 10:32:43,2019-06-04 10:32:43,0.000,192.168.1.42,192.168.1.1,63573,34349,UDP,.A....,0,0,1,148,0,0,2,1,0,0,0,0,0,0,0.0.0.0,0.0.0.0,0,0,00:00:00:00:00:00,00:00:00:00:00:00,00:00:00:00:00:00,00:00:00:00:00:00,0-0-0,0-0-0,0-0-0,0-0-0,0-0-0,0-0-0,0-0-0,0-0-0,0-0-0,0-0-0,    0.000,    0.000,    0.000,0.0.0.0,0/0,1,1969-12-31 18:00:00.000
2019-06-04 10:32:43,2019-06-04 10:32:43,0.000,192.168.1.42,192.168.1.1,63573,34349,UDP,.A....,0,0,1,148,0,0,2,1,0,0,0,0,0,0,0.0.0.0,0.0.0.0,0,0,00:00:00:00:00:00,00:00:00:00:00:00,00:00:00:00:00:00,00:00:00:00:00:00,0-0-0,0-0-0,0-0-0,0-0-0,0-0-0,0-0-0,0-0-0,0-0-0,0-0-0,0-0-0,    0.000,    0.000,    0.000,0.0.0.0,0/0,1,1969-12-31 18:00:00.000
2019-06-04 10:32:48,2019-06-04 10:32:48,0.000,192.168.1.14,192.168.1.1,65167,34350,UDP,.A....,0,0,1,340,0,0,2,1,0,0,0,0,0,0,0.0.0.0,0.0.0.0,0,0,00:00:00:00:00:00,00:00:00:00:00:00,00:00:00:00:00:00,00:00:00:00:00:00,0-0-0,0-0-0,0-0-0,0-0-0,0-0-0,0-0-0,0-0-0,0-0-0,0-0-0,0-0-0,    0.000,    0.000,    0.000,0.0.0.0,0/0,1,1969-12-31 18:00:00.000
2019-06-04 10:32:48,2019-06-04 10:32:48,0.000,192.168.1.14,192.168.1.1,65167,34350,UDP,.A....,0,0,1,340,0,0,2,1,0,0,0,0,0,0,0.0.0.0,0.0.0.0,0,0,00:00:00:00:00:00,00:00:00:00:00:00,00:00:00:00:00:00,00:00:00:00:00:00,0-0-0,0-0-0,0-0-0,0-0-0,0-0-0,0-0-0,0-0-0,0-0-0,0-0-0,0-0-0,    0.000,    0.000,    0.000,0.0.0.0,0/0,1,1969-12-31 18:00:00.000
2019-06-04 10:32:37,2019-06-04 10:32:49,11.984,192.168.1.6,192.168.1.1,59770,34348,UDP,.A....,0,0,2,632,0,0,2,1,0,0,0,0,0,0,0.0.0.0,0.0.0.0,0,0,00:00:00:00:00:00,00:00:00:00:00:00,00:00:00:00:00:00,00:00:00:00:00:00,0-0-0,0-0-0,0-0-0,0-0-0,0-0-0,0-0-0,0-0-0,0-0-0,0-0-0,0-0-0,    0.000,    0.000,    0.000,0.0.0.0,0/0,1,1969-12-31 18:00:00.000
2019-06-04 10:32:37,2019-06-04 10:32:49,11.984,192.168.1.6,192.168.1.1,59770,34348,UDP,.A....,0,0,2,632,0,0,2,1,0,0,0,0,0,0,0.0.0.0,0.0.0.0,0,0,00:00:00:00:00:00,00:00:00:00:00:00,00:00:00:00:00:00,00:00:00:00:00:00,0-0-0,0-0-0,0-0-0,0-0-0,0-0-0,0-0-0,0-0-0,0-0-0,0-0-0,0-0-0,    0.000,    0.000,    0.000,0.0.0.0,0/0,1,1969-12-31 18:00:00.000
2019-06-04 10:32:49,2019-06-04 10:32:49,0.000,192.168.1.6,224.0.0.9,520,520,UDP,.A....,0,192,1,192,0,0,2,0,0,0,0,0,0,0,0.0.0.0,0.0.0.0,0,0,00:00:00:00:00:00,00:00:00:00:00:00,00:00:00:00:00:00,00:00:00:00:00:00,0-0-0,0-0-0,0-0-0,0-0-0,0-0-0,0-0-0,0-0-0,0-0-0,0-0-0,0-0-0,    0.000,    0.000,    0.000,0.0.0.0,0/0,1,1969-12-31 18:00:00.000
2019-06-04 10:32:49,2019-06-04 10:32:49,0.000,192.168.1.45,192.168.1.1,62713,34351,UDP,.A....,0,0,1,244,0,0,2,1,0,0,0,0,0,0,0.0.0.0,0.0.0.0,0,0,00:00:00:00:00:00,00:00:00:00:00:00,00:00:00:00:00:00,00:00:00:00:00:00,0-0-0,0-0-0,0-0-0,0-0-0,0-0-0,0-0-0,0-0-0,0-0-0,0-0-0,0-0-0,    0.000,    0.000,    0.000,0.0.0.0,0/0,1,1969-12-31 18:00:00.000
2019-06-04 10:32:49,2019-06-04 10:32:49,0.000,192.168.1.45,192.168.1.1,62713,34351,UDP,.A....,0,0,1,244,0,0,2,1,0,0,0,0,0,0,0.0.0.0,0.0.0.0,0,0,00:00:00:00:00:00,00:00:00:00:00:00,00:00:00:00:00:00,00:00:00:00:00:00,0-0-0,0-0-0,0-0-0,0-0-0,0-0-0,0-0-0,0-0-0,0-0-0,0-0-0,0-0-0,    0.000,    0.000,    0.000,0.0.0.0,0/0,1,1969-12-31 18:00:00.000
2019-06-04 10:32:49,2019-06-04 10:32:49,0.000,192.168.1.54,192.168.1.1,50598,34352,UDP,.A....,0,0,1,100,0,0,2,1,0,0,0,0,0,0,0.0.0.0,0.0.0.0,0,0,00:00:00:00:00:00,00:00:00:00:00:00,00:00:00:00:00:00,00:00:00:00:00:00,0-0-0,0-0-0,0-0-0,0-0-0,0-0-0,0-0-0,0-0-0,0-0-0,0-0-0,0-0-0,    0.000,    0.000,    0.000,0.0.0.0,0/0,1,1969-12-31 18:00:00.000
2019-06-04 10:32:49,2019-06-04 10:32:49,0.000,192.168.1.54,192.168.1.1,50598,34352,UDP,.A....,0,0,1,100,0,0,2,1,0,0,0,0,0,0,0.0.0.0,0.0.0.0,0,0,00:00:00:00:00:00,00:00:00:00:00:00,00:00:00:00:00:00,00:00:00:00:00:00,0-0-0,0-0-0,0-0-0,0-0-0,0-0-0,0-0-0,0-0-0,0-0-0,0-0-0,0-0-0,    0.000,    0.000,    0.000,0.0.0.0,0/0,1,1969-12-31 18:00:00.000
2019-06-04 10:32:42,2019-06-04 10:32:50,8.180,192.168.1.1,192.168.1.3,138,138,UDP,.A....,0,0,5,1175,0,0,1,0,0,0,0,0,0,0,0.0.0.0,0.0.0.0,0,0,00:00:00:00:00:00,00:00:00:00:00:00,00:00:00:00:00:00,00:00:00:00:00:00,0-0-0,0-0-0,0-0-0,0-0-0,0-0-0,0-0-0,0-0-0,0-0-0,0-0-0,0-0-0,    0.000,    0.000,    0.000,0.0.0.0,0/0,1,1969-12-31 18:00:00.000
2019-06-04 10:32:50,2019-06-04 10:32:50,0.000,192.168.1.10,224.0.0.9,520,520,UDP,.A....,0,192,1,152,0,0,11,0,0,0,0,0,0,0,0.0.0.0,0.0.0.0,0,0,00:00:00:00:00:00,00:00:00:00:00:00,00:00:00:00:00:00,00:00:00:00:00:00,0-0-0,0-0-0,0-0-0,0-0-0,0-0-0,0-0-0,0-0-0,0-0-0,0-0-0,0-0-0,    0.000,    0.000,    0.000,0.0.0.0,0/0,1,1969-12-31 18:00:00.000
2019-06-04 10:32:57,2019-06-04 10:32:57,0.000,192.168.1.18,192.168.1.1,51125,34346,UDP,.A....,0,0,1,196,0,0,11,1,0,0,0,0,0,0,0.0.0.0,0.0.0.0,0,0,00:00:00:00:00:00,00:00:00:00:00:00,00:00:00:00:00:00,00:00:00:00:00:00,0-0-0,0-0-0,0-0-0,0-0-0,0-0-0,0-0-0,0-0-0,0-0-0,0-0-0,0-0-0,    0.000,    0.000,    0.000,0.0.0.0,0/0,1,1969-12-31 18:00:00.000
2019-06-04 10:32:57,2019-06-04 10:32:57,0.000,192.168.1.18,192.168.1.1,51125,34346,UDP,.A....,0,0,1,196,0,0,11,1,0,0,0,0,0,0,0.0.0.0,0.0.0.0,0,0,00:00:00:00:00:00,00:00:00:00:00:00,00:00:00:00:00:00,00:00:00:00:00:00,0-0-0,0-0-0,0-0-0,0-0-0,0-0-0,0-0-0,0-0-0,0-0-0,0-0-0,0-0-0,    0.000,    0.000,    0.000,0.0.0.0,0/0,1,1969-12-31 18:00:00.000
2019-06-04 10:33:03,2019-06-04 10:33:03,0.000,192.168.1.42,192.168.1.1,63573,34349,UDP,.A....,0,0,1,148,0,0,2,1,0,0,0,0,0,0,0.0.0.0,0.0.0.0,0,0,00:00:00:00:00:00,00:00:00:00:00:00,00:00:00:00:00:00,00:00:00:00:00:00,0-0-0,0-0-0,0-0-0,0-0-0,0-0-0,0-0-0,0-0-0,0-0-0,0-0-0,0-0-0,    0.000,    0.000,    0.000,0.0.0.0,0/0,1,1969-12-31 18:00:00.000
2019-06-04 10:33:03,2019-06-04 10:33:03,0.000,192.168.1.42,192.168.1.1,63573,34349,UDP,.A....,0,0,1,148,0,0,2,1,0,0,0,0,0,0,0.0.0.0,0.0.0.0,0,0,00:00:00:00:00:00,00:00:00:00:00:00,00:00:00:00:00:00,00:00:00:00:00:00,0-0-0,0-0-0,0-0-0,0-0-0,0-0-0,0-0-0,0-0-0,0-0-0,0-0-0,0-0-0,    0.000,    0.000,    0.000,0.0.0.0,0/0,1,1969-12-31 18:00:00.000
2019-06-04 10:33:06,2019-06-04 10:33:06,0.000,192.168.1.22,192.168.1.1,64643,34345,UDP,.A....,0,0,1,196,0,0,11,1,0,0,0,0,0,0,0.0.0.0,0.0.0.0,0,0,00:00:00:00:00:00,00:00:00:00:00:00,00:00:00:00:00:00,00:00:00:00:00:00,0-0-0,0-0-0,0-0-0,0-0-0,0-0-0,0-0-0,0-0-0,0-0-0,0-0-0,0-0-0,    0.000,    0.000,    0.000,0.0.0.0,0/0,1,1969-12-31 18:00:00.000
2019-06-04 10:33:06,2019-06-04 10:33:06,0.000,192.168.1.22,192.168.1.1,64643,34345,UDP,.A....,0,0,1,196,0,0,11,1,0,0,0,0,0,0,0.0.0.0,0.0.0.0,0,0,00:00:00:00:00:00,00:00:00:00:00:00,00:00:00:00:00:00,00:00:00:00:00:00,0-0-0,0-0-0,0-0-0,0-0-0,0-0-0,0-0-0,0-0-0,0-0-0,0-0-0,0-0-0,    0.000,    0.000,    0.000,0.0.0.0,0/0,1,1969-12-31 18:00:00.000
2019-06-04 10:33:15,2019-06-04 10:33:15,0.000,192.168.1.14,192.168.1.1,65167,34350,UDP,.A....,0,0,1,340,0,0,2,1,0,0,0,0,0,0,0.0.0.0,0.0.0.0,0,0,00:00:00:00:00:00,00:00:00:00:00:00,00:00:00:00:00:00,00:00:00:00:00:00,0-0-0,0-0-0,0-0-0,0-0-0,0-0-0,0-0-0,0-0-0,0-0-0,0-0-0,0-0-0,    0.000,    0.000,    0.000,0.0.0.0,0/0,1,1969-12-31 18:00:00.000
2019-06-04 10:33:15,2019-06-04 10:33:15,0.000,192.168.1.14,192.168.1.1,65167,34350,UDP,.A....,0,0,1,340,0,0,2,1,0,0,0,0,0,0,0.0.0.0,0.0.0.0,0,0,00:00:00:00:00:00,00:00:00:00:00:00,00:00:00:00:00:00,00:00:00:00:00:00,0-0-0,0-0-0,0-0-0,0-0-0,0-0-0,0-0-0,0-0-0,0-0-0,0-0-0,0-0-0,    0.000,    0.000,    0.000,0.0.0.0,0/0,1,1969-12-31 18:00:00.000
2019-06-04 10:33:16,2019-06-04 10:33:16,0.000,192.168.1.10,224.0.0.9,520,520,UDP,.A....,0,192,1,152,0,0,11,0,0,0,0,0,0,0,0.0.0.0,0.0.0.0,0,0,00:00:00:00:00:00,00:00:00:00:00:00,00:00:00:00:00:00,00:00:00:00:00:00,0-0-0,0-0-0,0-0-0,0-0-0,0-0-0,0-0-0,0-0-0,0-0-0,0-0-0,0-0-0,    0.000,    0.000,    0.000,0.0.0.0,0/0,1,1969-12-31 18:00:00.000
2019-06-04 10:33:16,2019-06-04 10:33:16,0.000,192.168.1.45,192.168.1.1,62713,34351,UDP,.A....,0,0,1,328,0,0,2,1,0,0,0,0,0,0,0.0.0.0,0.0.0.0,0,0,00:00:00:00:00:00,00:00:00:00:00:00,00:00:00:00:00:00,00:00:00:00:00:00,0-0-0,0-0-0,0-0-0,0-0-0,0-0-0,0-0-0,0-0-0,0-0-0,0-0-0,0-0-0,    0.000,    0.000,    0.000,0.0.0.0,0/0,1,1969-12-31 18:00:00.000
2019-06-04 10:33:16,2019-06-04 10:33:16,0.000,192.168.1.45,192.168.1.1,62713,34351,UDP,.A....,0,0,1,328,0,0,2,1,0,0,0,0,0,0,0.0.0.0,0.0.0.0,0,0,00:00:00:00:00:00,00:00:00:00:00:00,00:00:00:00:00:00,00:00:00:00:00:00,0-0-0,0-0-0,0-0-0,0-0-0,0-0-0,0-0-0,0-0-0,0-0-0,0-0-0,0-0-0,    0.000,    0.000,    0.000,0.0.0.0,0/0,1,1969-12-31 18:00:00.000
2019-06-04 10:33:16,2019-06-04 10:33:16,0.000,192.168.1.54,192.168.1.1,50598,34352,UDP,.A....,0,0,1,100,0,0,2,1,0,0,0,0,0,0,0.0.0.0,0.0.0.0,0,0,00:00:00:00:00:00,00:00:00:00:00:00,00:00:00:00:00:00,00:00:00:00:00:00,0-0-0,0-0-0,0-0-0,0-0-0,0-0-0,0-0-0,0-0-0,0-0-0,0-0-0,0-0-0,    0.000,    0.000,    0.000,0.0.0.0,0/0,1,1969-12-31 18:00:00.000
2019-06-04 10:33:16,2019-06-04 10:33:16,0.000,192.168.1.54,192.168.1.1,50598,34352,UDP,.A....,0,0,1,100,0,0,2,1,0,0,0,0,0,0,0.0.0.0,0.0.0.0,0,0,00:00:00:00:00:00,00:00:00:00:00:00,00:00:00:00:00:00,00:00:00:00:00:00,0-0-0,0-0-0,0-0-0,0-0-0,0-0-0,0-0-0,0-0-0,0-0-0,0-0-0,0-0-0,    0.000,    0.000,    0.000,0.0.0.0,0/0,1,1969-12-31 18:00:00.000
2019-06-04 10:33:17,2019-06-04 10:33:17,0.000,192.168.1.1,192.168.1.3,138,138,UDP,.A....,0,0,1,276,0,0,1,0,0,0,0,0,0,0,0.0.0.0,0.0.0.0,0,0,00:00:00:00:00:00,00:00:00:00:00:00,00:00:00:00:00:00,00:00:00:00:00:00,0-0-0,0-0-0,0-0-0,0-0-0,0-0-0,0-0-0,0-0-0,0-0-0,0-0-0,0-0-0,    0.000,    0.000,    0.000,0.0.0.0,0/0,1,1969-12-31 18:00:00.000
2019-06-04 10:33:18,2019-06-04 10:33:18,0.000,192.168.1.6,224.0.0.9,520,520,UDP,.A....,0,192,1,192,0,0,2,0,0,0,0,0,0,0,0.0.0.0,0.0.0.0,0,0,00:00:00:00:00:00,00:00:00:00:00:00,00:00:00:00:00:00,00:00:00:00:00:00,0-0-0,0-0-0,0-0-0,0-0-0,0-0-0,0-0-0,0-0-0,0-0-0,0-0-0,0-0-0,    0.000,    0.000,    0.000,0.0.0.0,0/0,1,1969-12-31 18:00:00.000
2019-06-04 10:33:22,2019-06-04 10:33:22,0.000,192.168.1.42,192.168.1.1,63573,34349,UDP,.A....,0,0,1,148,0,0,2,1,0,0,0,0,0,0,0.0.0.0,0.0.0.0,0,0,00:00:00:00:00:00,00:00:00:00:00:00,00:00:00:00:00:00,00:00:00:00:00:00,0-0-0,0-0-0,0-0-0,0-0-0,0-0-0,0-0-0,0-0-0,0-0-0,0-0-0,0-0-0,    0.000,    0.000,    0.000,0.0.0.0,0/0,1,1969-12-31 18:00:00.000
2019-06-04 10:33:22,2019-06-04 10:33:22,0.000,192.168.1.42,192.168.1.1,63573,34349,UDP,.A....,0,0,1,148,0,0,2,1,0,0,0,0,0,0,0.0.0.0,0.0.0.0,0,0,00:00:00:00:00:00,00:00:00:00:00:00,00:00:00:00:00:00,00:00:00:00:00:00,0-0-0,0-0-0,0-0-0,0-0-0,0-0-0,0-0-0,0-0-0,0-0-0,0-0-0,0-0-0,    0.000,    0.000,    0.000,0.0.0.0,0/0,1,1969-12-31 18:00:00.000
2019-06-04 10:33:26,2019-06-04 10:33:26,0.000,192.168.1.18,192.168.1.1,51125,34346,UDP,.A....,0,0,1,196,0,0,11,1,0,0,0,0,0,0,0.0.0.0,0.0.0.0,0,0,00:00:00:00:00:00,00:00:00:00:00:00,00:00:00:00:00:00,00:00:00:00:00:00,0-0-0,0-0-0,0-0-0,0-0-0,0-0-0,0-0-0,0-0-0,0-0-0,0-0-0,0-0-0,    0.000,    0.000,    0.000,0.0.0.0,0/0,1,1969-12-31 18:00:00.000
2019-06-04 10:33:26,2019-06-04 10:33:26,0.000,192.168.1.18,192.168.1.1,51125,34346,UDP,.A....,0,0,1,196,0,0,11,1,0,0,0,0,0,0,0.0.0.0,0.0.0.0,0,0,00:00:00:00:00:00,00:00:00:00:00:00,00:00:00:00:00:00,00:00:00:00:00:00,0-0-0,0-0-0,0-0-0,0-0-0,0-0-0,0-0-0,0-0-0,0-0-0,0-0-0,0-0-0,    0.000,    0.000,    0.000,0.0.0.0,0/0,1,1969-12-31 18:00:00.000
2019-06-04 10:33:34,2019-06-04 10:33:34,0.000,192.168.1.22,192.168.1.1,64643,34345,UDP,.A....,0,0,1,196,0,0,11,1,0,0,0,0,0,0,0.0.0.0,0.0.0.0,0,0,00:00:00:00:00:00,00:00:00:00:00:00,00:00:00:00:00:00,00:00:00:00:00:00,0-0-0,0-0-0,0-0-0,0-0-0,0-0-0,0-0-0,0-0-0,0-0-0,0-0-0,0-0-0,    0.000,    0.000,    0.000,0.0.0.0,0/0,1,1969-12-31 18:00:00.000
2019-06-04 10:33:34,2019-06-04 10:33:34,0.000,192.168.1.22,192.168.1.1,64643,34345,UDP,.A....,0,0,1,196,0,0,11,1,0,0,0,0,0,0,0.0.0.0,0.0.0.0,0,0,00:00:00:00:00:00,00:00:00:00:00:00,00:00:00:00:00:00,00:00:00:00:00:00,0-0-0,0-0-0,0-0-0,0-0-0,0-0-0,0-0-0,0-0-0,0-0-0,0-0-0,0-0-0,    0.000,    0.000,    0.000,0.0.0.0,0/0,1,1969-12-31 18:00:00.000
2019-06-04 10:33:05,2019-06-04 10:33:41,36.020,192.168.1.6,192.168.1.1,59770,34348,UDP,.A....,0,0,4,1360,0,0,2,1,0,0,0,0,0,0,0.0.0.0,0.0.0.0,0,0,00:00:00:00:00:00,00:00:00:00:00:00,00:00:00:00:00:00,00:00:00:00:00:00,0-0-0,0-0-0,0-0-0,0-0-0,0-0-0,0-0-0,0-0-0,0-0-0,0-0-0,0-0-0,    0.000,    0.000,    0.000,0.0.0.0,0/0,1,1969-12-31 18:00:00.000
2019-06-04 10:33:05,2019-06-04 10:33:41,36.020,192.168.1.6,192.168.1.1,59770,34348,UDP,.A....,0,0,4,1360,0,0,2,1,0,0,0,0,0,0,0.0.0.0,0.0.0.0,0,0,00:00:00:00:00:00,00:00:00:00:00:00,00:00:00:00:00:00,00:00:00:00:00:00,0-0-0,0-0-0,0-0-0,0-0-0,0-0-0,0-0-0,0-0-0,0-0-0,0-0-0,0-0-0,    0.000,    0.000,    0.000,0.0.0.0,0/0,1,1969-12-31 18:00:00.000
2019-06-04 10:33:42,2019-06-04 10:33:42,0.000,192.168.1.14,192.168.1.1,65167,34350,UDP,.A....,0,0,1,340,0,0,2,1,0,0,0,0,0,0,0.0.0.0,0.0.0.0,0,0,00:00:00:00:00:00,00:00:00:00:00:00,00:00:00:00:00:00,00:00:00:00:00:00,0-0-0,0-0-0,0-0-0,0-0-0,0-0-0,0-0-0,0-0-0,0-0-0,0-0-0,0-0-0,    0.000,    0.000,    0.000,0.0.0.0,0/0,1,1969-12-31 18:00:00.000
2019-06-04 10:33:42,2019-06-04 10:33:42,0.000,192.168.1.14,192.168.1.1,65167,34350,UDP,.A....,0,0,1,340,0,0,2,1,0,0,0,0,0,0,0.0.0.0,0.0.0.0,0,0,00:00:00:00:00:00,00:00:00:00:00:00,00:00:00:00:00:00,00:00:00:00:00:00,0-0-0,0-0-0,0-0-0,0-0-0,0-0-0,0-0-0,0-0-0,0-0-0,0-0-0,0-0-0,    0.000,    0.000,    0.000,0.0.0.0,0/0,1,1969-12-31 18:00:00.000
2019-06-04 10:33:43,2019-06-04 10:33:43,0.000,192.168.1.54,192.168.1.1,50598,34352,UDP,.A....,0,0,1,100,0,0,2,1,0,0,0,0,0,0,0.0.0.0,0.0.0.0,0,0,00:00:00:00:00:00,00:00:00:00:00:00,00:00:00:00:00:00,00:00:00:00:00:00,0-0-0,0-0-0,0-0-0,0-0-0,0-0-0,0-0-0,0-0-0,0-0-0,0-0-0,0-0-0,    0.000,    0.000,    0.000,0.0.0.0,0/0,1,1969-12-31 18:00:00.000
2019-06-04 10:33:43,2019-06-04 10:33:43,0.000,192.168.1.54,192.168.1.1,50598,34352,UDP,.A....,0,0,1,100,0,0,2,1,0,0,0,0,0,0,0.0.0.0,0.0.0.0,0,0,00:00:00:00:00:00,00:00:00:00:00:00,00:00:00:00:00:00,00:00:00:00:00:00,0-0-0,0-0-0,0-0-0,0-0-0,0-0-0,0-0-0,0-0-0,0-0-0,0-0-0,0-0-0,    0.000,    0.000,    0.000,0.0.0.0,0/0,1,1969-12-31 18:00:00.000
2019-06-04 10:32:38,2019-06-04 10:33:45,67.004,192.168.1.10,192.168.1.1,61264,34344,UDP,.A....,0,0,6,1320,0,0,11,1,0,0,0,0,0,0,0.0.0.0,0.0.0.0,0,0,00:00:00:00:00:00,00:00:00:00:00:00,00:00:00:00:00:00,00:00:00:00:00:00,0-0-0,0-0-0,0-0-0,0-0-0,0-0-0,0-0-0,0-0-0,0-0-0,0-0-0,0-0-0,    0.000,    0.000,    0.000,0.0.0.0,0/0,1,1969-12-31 18:00:00.000
2019-06-04 10:32:38,2019-06-04 10:33:45,67.004,192.168.1.10,192.168.1.1,61264,34344,UDP,.A....,0,0,6,1320,0,0,11,1,0,0,0,0,0,0,0.0.0.0,0.0.0.0,0,0,00:00:00:00:00:00,00:00:00:00:00:00,00:00:00:00:00:00,00:00:00:00:00:00,0-0-0,0-0-0,0-0-0,0-0-0,0-0-0,0-0-0,0-0-0,0-0-0,0-0-0,0-0-0,    0.000,    0.000,    0.000,0.0.0.0,0/0,1,1969-12-31 18:00:00.000
2019-06-04 10:33:45,2019-06-04 10:33:45,0.000,192.168.1.6,224.0.0.9,520,520,UDP,.A....,0,192,1,192,0,0,2,0,0,0,0,0,0,0,0.0.0.0,0.0.0.0,0,0,00:00:00:00:00:00,00:00:00:00:00:00,00:00:00:00:00:00,00:00:00:00:00:00,0-0-0,0-0-0,0-0-0,0-0-0,0-0-0,0-0-0,0-0-0,0-0-0,0-0-0,0-0-0,    0.000,    0.000,    0.000,0.0.0.0,0/0,1,1969-12-31 18:00:00.000
2019-06-04 10:33:45,2019-06-04 10:33:45,0.000,192.168.1.10,224.0.0.9,520,520,UDP,.A....,0,192,1,152,0,0,11,0,0,0,0,0,0,0,0.0.0.0,0.0.0.0,0,0,00:00:00:00:00:00,00:00:00:00:00:00,00:00:00:00:00:00,00:00:00:00:00:00,0-0-0,0-0-0,0-0-0,0-0-0,0-0-0,0-0-0,0-0-0,0-0-0,0-0-0,0-0-0,    0.000,    0.000,    0.000,0.0.0.0,0/0,1,1969-12-31 18:00:00.000
2019-06-04 10:33:39,2019-06-04 10:33:51,12.000,192.168.1.42,192.168.1.1,63573,34349,UDP,.A....,0,0,2,248,0,0,2,1,0,0,0,0,0,0,0.0.0.0,0.0.0.0,0,0,00:00:00:00:00:00,00:00:00:00:00:00,00:00:00:00:00:00,00:00:00:00:00:00,0-0-0,0-0-0,0-0-0,0-0-0,0-0-0,0-0-0,0-0-0,0-0-0,0-0-0,0-0-0,    0.000,    0.000,    0.000,0.0.0.0,0/0,1,1969-12-31 18:00:00.000
2019-06-04 10:33:39,2019-06-04 10:33:51,12.000,192.168.1.42,192.168.1.1,63573,34349,UDP,.A....,0,0,2,248,0,0,2,1,0,0,0,0,0,0,0.0.0.0,0.0.0.0,0,0,00:00:00:00:00:00,00:00:00:00:00:00,00:00:00:00:00:00,00:00:00:00:00:00,0-0-0,0-0-0,0-0-0,0-0-0,0-0-0,0-0-0,0-0-0,0-0-0,0-0-0,0-0-0,    0.000,    0.000,    0.000,0.0.0.0,0/0,1,1969-12-31 18:00:00.000
2019-06-04 10:33:53,2019-06-04 10:33:53,0.000,192.168.1.18,192.168.1.1,51125,34346,UDP,.A....,0,0,1,280,0,0,11,1,0,0,0,0,0,0,0.0.0.0,0.0.0.0,0,0,00:00:00:00:00:00,00:00:00:00:00:00,00:00:00:00:00:00,00:00:00:00:00:00,0-0-0,0-0-0,0-0-0,0-0-0,0-0-0,0-0-0,0-0-0,0-0-0,0-0-0,0-0-0,    0.000,    0.000,    0.000,0.0.0.0,0/0,1,1969-12-31 18:00:00.000
2019-06-04 10:33:53,2019-06-04 10:33:53,0.000,192.168.1.18,192.168.1.1,51125,34346,UDP,.A....,0,0,1,280,0,0,11,1,0,0,0,0,0,0,0.0.0.0,0.0.0.0,0,0,00:00:00:00:00:00,00:00:00:00:00:00,00:00:00:00:00:00,00:00:00:00:00:00,0-0-0,0-0-0,0-0-0,0-0-0,0-0-0,0-0-0,0-0-0,0-0-0,0-0-0,0-0-0,    0.000,    0.000,    0.000,0.0.0.0,0/0,1,1969-12-31 18:00:00.000
2019-06-04 10:31:45,2019-06-04 10:33:58,133.004,192.168.1.26,192.168.1.1,59083,34347,UDP,.A....,0,0,11,1432,0,0,2,1,0,0,0,0,0,0,0.0.0.0,0.0.0.0,0,0,00:00:00:00:00:00,00:00:00:00:00:00,00:00:00:00:00:00,00:00:00:00:00:00,0-0-0,0-0-0,0-0-0,0-0-0,0-0-0,0-0-0,0-0-0,0-0-0,0-0-0,0-0-0,    0.000,    0.000,    0.000,0.0.0.0,0/0,1,1969-12-31 18:00:00.000
2019-06-04 10:31:45,2019-06-04 10:33:58,133.004,192.168.1.26,192.168.1.1,59083,34347,UDP,.A....,0,0,11,1432,0,0,2,1,0,0,0,0,0,0,0.0.0.0,0.0.0.0,0,0,00:00:00:00:00:00,00:00:00:00:00:00,00:00:00:00:00:00,00:00:00:00:00:00,0-0-0,0-0-0,0-0-0,0-0-0,0-0-0,0-0-0,0-0-0,0-0-0,0-0-0,0-0-0,    0.000,    0.000,    0.000,0.0.0.0,0/0,1,1969-12-31 18:00:00.000
2019-06-04 10:34:03,2019-06-04 10:34:03,0.000,192.168.1.22,192.168.1.1,64643,34345,UDP,.A....,0,0,1,196,0,0,11,1,0,0,0,0,0,0,0.0.0.0,0.0.0.0,0,0,00:00:00:00:00:00,00:00:00:00:00:00,00:00:00:00:00:00,00:00:00:00:00:00,0-0-0,0-0-0,0-0-0,0-0-0,0-0-0,0-0-0,0-0-0,0-0-0,0-0-0,0-0-0,    0.000,    0.000,    0.000,0.0.0.0,0/0,1,1969-12-31 18:00:00.000
2019-06-04 10:34:03,2019-06-04 10:34:03,0.000,192.168.1.22,192.168.1.1,64643,34345,UDP,.A....,0,0,1,196,0,0,11,1,0,0,0,0,0,0,0.0.0.0,0.0.0.0,0,0,00:00:00:00:00:00,00:00:00:00:00:00,00:00:00:00:00:00,00:00:00:00:00:00,0-0-0,0-0-0,0-0-0,0-0-0,0-0-0,0-0-0,0-0-0,0-0-0,0-0-0,0-0-0,    0.000,    0.000,    0.000,0.0.0.0,0/0,1,1969-12-31 18:00:00.000
2019-06-04 10:34:00,2019-06-04 10:34:04,3.984,192.168.1.1,192.168.1.2,0,2048,ICMP,.A....,0,0,5,420,0,0,1,0,0,0,0,0,0,0,0.0.0.0,0.0.0.0,0,0,00:00:00:00:00:00,00:00:00:00:00:00,00:00:00:00:00:00,00:00:00:00:00:00,0-0-0,0-0-0,0-0-0,0-0-0,0-0-0,0-0-0,0-0-0,0-0-0,0-0-0,0-0-0,    0.000,    0.000,    0.000,0.0.0.0,0/0,1,1969-12-31 18:00:00.000
2019-06-04 10:34:08,2019-06-04 10:34:08,0.000,192.168.1.42,192.168.1.1,63573,34349,UDP,.A....,0,0,1,148,0,0,2,1,0,0,0,0,0,0,0.0.0.0,0.0.0.0,0,0,00:00:00:00:00:00,00:00:00:00:00:00,00:00:00:00:00:00,00:00:00:00:00:00,0-0-0,0-0-0,0-0-0,0-0-0,0-0-0,0-0-0,0-0-0,0-0-0,0-0-0,0-0-0,    0.000,    0.000,    0.000,0.0.0.0,0/0,1,1969-12-31 18:00:00.000
2019-06-04 10:34:08,2019-06-04 10:34:08,0.000,192.168.1.42,192.168.1.1,63573,34349,UDP,.A....,0,0,1,148,0,0,2,1,0,0,0,0,0,0,0.0.0.0,0.0.0.0,0,0,00:00:00:00:00:00,00:00:00:00:00:00,00:00:00:00:00:00,00:00:00:00:00:00,0-0-0,0-0-0,0-0-0,0-0-0,0-0-0,0-0-0,0-0-0,0-0-0,0-0-0,0-0-0,    0.000,    0.000,    0.000,0.0.0.0,0/0,1,1969-12-31 18:00:00.000
2019-06-04 10:34:09,2019-06-04 10:34:09,0.000,192.168.1.14,192.168.1.1,65167,34350,UDP,.A....,0,0,1,244,0,0,2,1,0,0,0,0,0,0,0.0.0.0,0.0.0.0,0,0,00:00:00:00:00:00,00:00:00:00:00:00,00:00:00:00:00:00,00:00:00:00:00:00,0-0-0,0-0-0,0-0-0,0-0-0,0-0-0,0-0-0,0-0-0,0-0-0,0-0-0,0-0-0,    0.000,    0.000,    0.000,0.0.0.0,0/0,1,1969-12-31 18:00:00.000
2019-06-04 10:34:09,2019-06-04 10:34:09,0.000,192.168.1.14,192.168.1.1,65167,34350,UDP,.A....,0,0,1,244,0,0,2,1,0,0,0,0,0,0,0.0.0.0,0.0.0.0,0,0,00:00:00:00:00:00,00:00:00:00:00:00,00:00:00:00:00:00,00:00:00:00:00:00,0-0-0,0-0-0,0-0-0,0-0-0,0-0-0,0-0-0,0-0-0,0-0-0,0-0-0,0-0-0,    0.000,    0.000,    0.000,0.0.0.0,0/0,1,1969-12-31 18:00:00.000
2019-06-04 10:34:11,2019-06-04 10:34:11,0.000,192.168.1.6,224.0.0.9,520,520,UDP,.A....,0,192,1,192,0,0,2,0,0,0,0,0,0,0,0.0.0.0,0.0.0.0,0,0,00:00:00:00:00:00,00:00:00:00:00:00,00:00:00:00:00:00,00:00:00:00:00:00,0-0-0,0-0-0,0-0-0,0-0-0,0-0-0,0-0-0,0-0-0,0-0-0,0-0-0,0-0-0,    0.000,    0.000,    0.000,0.0.0.0,0/0,1,1969-12-31 18:00:00.000
2019-06-04 10:34:11,2019-06-04 10:34:11,0.000,192.168.1.54,192.168.1.1,50598,34352,UDP,.A....,0,0,1,100,0,0,2,1,0,0,0,0,0,0,0.0.0.0,0.0.0.0,0,0,00:00:00:00:00:00,00:00:00:00:00:00,00:00:00:00:00:00,00:00:00:00:00:00,0-0-0,0-0-0,0-0-0,0-0-0,0-0-0,0-0-0,0-0-0,0-0-0,0-0-0,0-0-0,    0.000,    0.000,    0.000,0.0.0.0,0/0,1,1969-12-31 18:00:00.000
2019-06-04 10:34:11,2019-06-04 10:34:11,0.000,192.168.1.54,192.168.1.1,50598,34352,UDP,.A....,0,0,1,100,0,0,2,1,0,0,0,0,0,0,0.0.0.0,0.0.0.0,0,0,00:00:00:00:00:00,00:00:00:00:00:00,00:00:00:00:00:00,00:00:00:00:00:00,0-0-0,0-0-0,0-0-0,0-0-0,0-0-0,0-0-0,0-0-0,0-0-0,0-0-0,0-0-0,    0.000,    0.000,    0.000,0.0.0.0,0/0,1,1969-12-31 18:00:00.000
2019-06-04 10:34:12,2019-06-04 10:34:12,0.000,192.168.1.10,224.0.0.9,520,520,UDP,.A....,0,192,1,152,0,0,11,0,0,0,0,0,0,0,0.0.0.0,0.0.0.0,0,0,00:00:00:00:00:00,00:00:00:00:00:00,00:00:00:00:00:00,00:00:00:00:00:00,0-0-0,0-0-0,0-0-0,0-0-0,0-0-0,0-0-0,0-0-0,0-0-0,0-0-0,0-0-0,    0.000,    0.000,    0.000,0.0.0.0,0/0,1,1969-12-31 18:00:00.000
2019-06-04 10:34:01,2019-06-04 10:34:14,13.040,192.168.1.10,192.168.1.1,61264,34344,UDP,.A....,0,0,2,532,0,0,11,1,0,0,0,0,0,0,0.0.0.0,0.0.0.0,0,0,00:00:00:00:00:00,00:00:00:00:00:00,00:00:00:00:00:00,00:00:00:00:00:00,0-0-0,0-0-0,0-0-0,0-0-0,0-0-0,0-0-0,0-0-0,0-0-0,0-0-0,0-0-0,    0.000,    0.000,    0.000,0.0.0.0,0/0,1,1969-12-31 18:00:00.000
2019-06-04 10:34:01,2019-06-04 10:34:14,13.040,192.168.1.10,192.168.1.1,61264,34344,UDP,.A....,0,0,2,532,0,0,11,1,0,0,0,0,0,0,0.0.0.0,0.0.0.0,0,0,00:00:00:00:00:00,00:00:00:00:00:00,00:00:00:00:00:00,00:00:00:00:00:00,0-0-0,0-0-0,0-0-0,0-0-0,0-0-0,0-0-0,0-0-0,0-0-0,0-0-0,0-0-0,    0.000,    0.000,    0.000,0.0.0.0,0/0,1,1969-12-31 18:00:00.000
2019-06-04 10:34:15,2019-06-04 10:34:15,0.000,192.168.1.26,192.168.1.1,59083,34347,UDP,.A....,0,0,1,196,0,0,2,1,0,0,0,0,0,0,0.0.0.0,0.0.0.0,0,0,00:00:00:00:00:00,00:00:00:00:00:00,00:00:00:00:00:00,00:00:00:00:00:00,0-0-0,0-0-0,0-0-0,0-0-0,0-0-0,0-0-0,0-0-0,0-0-0,0-0-0,0-0-0,    0.000,    0.000,    0.000,0.0.0.0,0/0,1,1969-12-31 18:00:00.000
2019-06-04 10:34:15,2019-06-04 10:34:15,0.000,192.168.1.26,192.168.1.1,59083,34347,UDP,.A....,0,0,1,196,0,0,2,1,0,0,0,0,0,0,0.0.0.0,0.0.0.0,0,0,00:00:00:00:00:00,00:00:00:00:00:00,00:00:00:00:00:00,00:00:00:00:00:00,0-0-0,0-0-0,0-0-0,0-0-0,0-0-0,0-0-0,0-0-0,0-0-0,0-0-0,0-0-0,    0.000,    0.000,    0.000,0.0.0.0,0/0,1,1969-12-31 18:00:00.000
2019-06-04 10:34:19,2019-06-04 10:34:19,0.000,192.168.1.18,192.168.1.1,51125,34346,UDP,.A....,0,0,1,196,0,0,11,1,0,0,0,0,0,0,0.0.0.0,0.0.0.0,0,0,00:00:00:00:00:00,00:00:00:00:00:00,00:00:00:00:00:00,00:00:00:00:00:00,0-0-0,0-0-0,0-0-0,0-0-0,0-0-0,0-0-0,0-0-0,0-0-0,0-0-0,0-0-0,    0.000,    0.000,    0.000,0.0.0.0,0/0,1,1969-12-31 18:00:00.000
2019-06-04 10:34:19,2019-06-04 10:34:19,0.000,192.168.1.18,192.168.1.1,51125,34346,UDP,.A....,0,0,1,196,0,0,11,1,0,0,0,0,0,0,0.0.0.0,0.0.0.0,0,0,00:00:00:00:00:00,00:00:00:00:00:00,00:00:00:00:00:00,00:00:00:00:00:00,0-0-0,0-0-0,0-0-0,0-0-0,0-0-0,0-0-0,0-0-0,0-0-0,0-0-0,0-0-0,    0.000,    0.000,    0.000,0.0.0.0,0/0,1,1969-12-31 18:00:00.000
2019-06-04 10:33:43,2019-06-04 10:34:22,39.000,192.168.1.45,192.168.1.1,62713,34351,UDP,.A....,0,0,4,592,0,0,2,1,0,0,0,0,0,0,0.0.0.0,0.0.0.0,0,0,00:00:00:00:00:00,00:00:00:00:00:00,00:00:00:00:00:00,00:00:00:00:00:00,0-0-0,0-0-0,0-0-0,0-0-0,0-0-0,0-0-0,0-0-0,0-0-0,0-0-0,0-0-0,    0.000,    0.000,    0.000,0.0.0.0,0/0,1,1969-12-31 18:00:00.000
2019-06-04 10:33:43,2019-06-04 10:34:22,39.000,192.168.1.45,192.168.1.1,62713,34351,UDP,.A....,0,0,4,592,0,0,2,1,0,0,0,0,0,0,0.0.0.0,0.0.0.0,0,0,00:00:00:00:00:00,00:00:00:00:00:00,00:00:00:00:00:00,00:00:00:00:00:00,0-0-0,0-0-0,0-0-0,0-0-0,0-0-0,0-0-0,0-0-0,0-0-0,0-0-0,0-0-0,    0.000,    0.000,    0.000,0.0.0.0,0/0,1,1969-12-31 18:00:00.000
2019-06-04 10:34:24,2019-06-04 10:34:24,0.000,192.168.1.42,192.168.1.1,63573,34349,UDP,.A....,0,0,1,244,0,0,2,1,0,0,0,0,0,0,0.0.0.0,0.0.0.0,0,0,00:00:00:00:00:00,00:00:00:00:00:00,00:00:00:00:00:00,00:00:00:00:00:00,0-0-0,0-0-0,0-0-0,0-0-0,0-0-0,0-0-0,0-0-0,0-0-0,0-0-0,0-0-0,    0.000,    0.000,    0.000,0.0.0.0,0/0,1,1969-12-31 18:00:00.000
2019-06-04 10:34:24,2019-06-04 10:34:24,0.000,192.168.1.42,192.168.1.1,63573,34349,UDP,.A....,0,0,1,244,0,0,2,1,0,0,0,0,0,0,0.0.0.0,0.0.0.0,0,0,00:00:00:00:00:00,00:00:00:00:00:00,00:00:00:00:00:00,00:00:00:00:00:00,0-0-0,0-0-0,0-0-0,0-0-0,0-0-0,0-0-0,0-0-0,0-0-0,0-0-0,0-0-0,    0.000,    0.000,    0.000,0.0.0.0,0/0,1,1969-12-31 18:00:00.000
2019-06-04 10:34:30,2019-06-04 10:34:30,0.000,192.168.1.22,192.168.1.1,64643,34345,UDP,.A....,0,0,1,196,0,0,11,1,0,0,0,0,0,0,0.0.0.0,0.0.0.0,0,0,00:00:00:00:00:00,00:00:00:00:00:00,00:00:00:00:00:00,00:00:00:00:00:00,0-0-0,0-0-0,0-0-0,0-0-0,0-0-0,0-0-0,0-0-0,0-0-0,0-0-0,0-0-0,    0.000,    0.000,    0.000,0.0.0.0,0/0,1,1969-12-31 18:00:00.000
2019-06-04 10:34:30,2019-06-04 10:34:30,0.000,192.168.1.22,192.168.1.1,64643,34345,UDP,.A....,0,0,1,196,0,0,11,1,0,0,0,0,0,0,0.0.0.0,0.0.0.0,0,0,00:00:00:00:00:00,00:00:00:00:00:00,00:00:00:00:00:00,00:00:00:00:00:00,0-0-0,0-0-0,0-0-0,0-0-0,0-0-0,0-0-0,0-0-0,0-0-0,0-0-0,0-0-0,    0.000,    0.000,    0.000,0.0.0.0,0/0,1,1969-12-31 18:00:00.000
2019-06-04 10:34:37,2019-06-04 10:34:37,0.000,192.168.1.6,224.0.0.9,520,520,UDP,.A....,0,192,1,192,0,0,2,0,0,0,0,0,0,0,0.0.0.0,0.0.0.0,0,0,00:00:00:00:00:00,00:00:00:00:00:00,00:00:00:00:00:00,00:00:00:00:00:00,0-0-0,0-0-0,0-0-0,0-0-0,0-0-0,0-0-0,0-0-0,0-0-0,0-0-0,0-0-0,    0.000,    0.000,    0.000,0.0.0.0,0/0,1,1969-12-31 18:00:00.000
2019-06-04 10:34:37,2019-06-04 10:34:37,0.000,192.168.1.14,192.168.1.1,65167,34350,UDP,.A....,0,0,1,340,0,0,2,1,0,0,0,0,0,0,0.0.0.0,0.0.0.0,0,0,00:00:00:00:00:00,00:00:00:00:00:00,00:00:00:00:00:00,00:00:00:00:00:00,0-0-0,0-0-0,0-0-0,0-0-0,0-0-0,0-0-0,0-0-0,0-0-0,0-0-0,0-0-0,    0.000,    0.000,    0.000,0.0.0.0,0/0,1,1969-12-31 18:00:00.000
2019-06-04 10:34:37,2019-06-04 10:34:37,0.000,192.168.1.14,192.168.1.1,65167,34350,UDP,.A....,0,0,1,340,0,0,2,1,0,0,0,0,0,0,0.0.0.0,0.0.0.0,0,0,00:00:00:00:00:00,00:00:00:00:00:00,00:00:00:00:00:00,00:00:00:00:00:00,0-0-0,0-0-0,0-0-0,0-0-0,0-0-0,0-0-0,0-0-0,0-0-0,0-0-0,0-0-0,    0.000,    0.000,    0.000,0.0.0.0,0/0,1,1969-12-31 18:00:00.000
2019-06-04 10:34:38,2019-06-04 10:34:38,0.000,192.168.1.45,192.168.1.1,62713,34351,UDP,.A....,0,0,1,244,0,0,2,1,0,0,0,0,0,0,0.0.0.0,0.0.0.0,0,0,00:00:00:00:00:00,00:00:00:00:00:00,00:00:00:00:00:00,00:00:00:00:00:00,0-0-0,0-0-0,0-0-0,0-0-0,0-0-0,0-0-0,0-0-0,0-0-0,0-0-0,0-0-0,    0.000,    0.000,    0.000,0.0.0.0,0/0,1,1969-12-31 18:00:00.000
2019-06-04 10:34:38,2019-06-04 10:34:38,0.000,192.168.1.45,192.168.1.1,62713,34351,UDP,.A....,0,0,1,244,0,0,2,1,0,0,0,0,0,0,0.0.0.0,0.0.0.0,0,0,00:00:00:00:00:00,00:00:00:00:00:00,00:00:00:00:00:00,00:00:00:00:00:00,0-0-0,0-0-0,0-0-0,0-0-0,0-0-0,0-0-0,0-0-0,0-0-0,0-0-0,0-0-0,    0.000,    0.000,    0.000,0.0.0.0,0/0,1,1969-12-31 18:00:00.000
2019-06-04 10:34:39,2019-06-04 10:34:39,0.000,192.168.1.54,192.168.1.1,50598,34352,UDP,.A....,0,0,1,100,0,0,2,1,0,0,0,0,0,0,0.0.0.0,0.0.0.0,0,0,00:00:00:00:00:00,00:00:00:00:00:00,00:00:00:00:00:00,00:00:00:00:00:00,0-0-0,0-0-0,0-0-0,0-0-0,0-0-0,0-0-0,0-0-0,0-0-0,0-0-0,0-0-0,    0.000,    0.000,    0.000,0.0.0.0,0/0,1,1969-12-31 18:00:00.000
2019-06-04 10:34:39,2019-06-04 10:34:39,0.000,192.168.1.54,192.168.1.1,50598,34352,UDP,.A....,0,0,1,100,0,0,2,1,0,0,0,0,0,0,0.0.0.0,0.0.0.0,0,0,00:00:00:00:00:00,00:00:00:00:00:00,00:00:00:00:00:00,00:00:00:00:00:00,0-0-0,0-0-0,0-0-0,0-0-0,0-0-0,0-0-0,0-0-0,0-0-0,0-0-0,0-0-0,    0.000,    0.000,    0.000,0.0.0.0,0/0,1,1969-12-31 18:00:00.000
2019-06-04 10:34:40,2019-06-04 10:34:40,0.000,192.168.1.10,224.0.0.9,520,520,UDP,.A....,0,192,1,152,0,0,11,0,0,0,0,0,0,0,0.0.0.0,0.0.0.0,0,0,00:00:00:00:00:00,00:00:00:00:00:00,00:00:00:00:00:00,00:00:00:00:00:00,0-0-0,0-0-0,0-0-0,0-0-0,0-0-0,0-0-0,0-0-0,0-0-0,0-0-0,0-0-0,    0.000,    0.000,    0.000,0.0.0.0,0/0,1,1969-12-31 18:00:00.000
Summary
flows,bytes,packets,avg_bps,avg_pps,avg_bpp
175,64898,343,1678,1,189
